,subject_uuid,subject_nickname,subject_birth_date,sex,subject_strain,subject_line,session_date,avg_weight,total_water
0,0124f697-16ce-4f59-b87c-e53fcb3a27ac,6867,2018-06-25,M,C57BL/6J,Thy1-GCaMP6s,2018-10-03,26.309999465942383,1.2416666701436043
1,0124f697-16ce-4f59-b87c-e53fcb3a27ac,6867,2018-06-25,M,C57BL/6J,Thy1-GCaMP6s,2018-10-23,25.59000015258789,1.2416666701436043
2,0124f697-16ce-4f59-b87c-e53fcb3a27ac,6867,2018-06-25,M,C57BL/6J,Thy1-GCaMP6s,2018-09-25,28.049999237060547,1.2416666701436043
3,0124f697-16ce-4f59-b87c-e53fcb3a27ac,6867,2018-06-25,M,C57BL/6J,Thy1-GCaMP6s,2018-10-12,26.059999465942383,1.2416666701436043
4,0124f697-16ce-4f59-b87c-e53fcb3a27ac,6867,2018-06-25,M,C57BL/6J,Thy1-GCaMP6s,2018-09-17,28.950000762939453,1.2416666701436043
5,0124f697-16ce-4f59-b87c-e53fcb3a27ac,6867,2018-06-25,M,C57BL/6J,Thy1-GCaMP6s,2018-10-04,26.100000381469727,1.2416666701436043
6,0124f697-16ce-4f59-b87c-e53fcb3a27ac,6867,2018-06-25,M,C57BL/6J,Thy1-GCaMP6s,2018-09-26,27.75,1.2416666701436043
7,0124f697-16ce-4f59-b87c-e53fcb3a27ac,6867,2018-06-25,M,C57BL/6J,Thy1-GCaMP6s,2018-10-15,25.450000762939453,1.2416666701436043
8,0124f697-16ce-4f59-b87c-e53fcb3a27ac,6867,2018-06-25,M,C57BL/6J,Thy1-GCaMP6s,2018-09-18,28.540000915527344,1.2416666701436043
9,0124f697-16ce-4f59-b87c-e53fcb3a27ac,6867,2018-06-25,M,C57BL/6J,Thy1-GCaMP6s,2018-10-05,27.25,1.2416666701436043
10,0124f697-16ce-4f59-b87c-e53fcb3a27ac,6867,2018-06-25,M,C57BL/6J,Thy1-GCaMP6s,2018-09-27,27.350000381469727,1.2416666701436043
11,0124f697-16ce-4f59-b87c-e53fcb3a27ac,6867,2018-06-25,M,C57BL/6J,Thy1-GCaMP6s,2018-10-17,25.360000610351562,1.2416666701436043
12,0124f697-16ce-4f59-b87c-e53fcb3a27ac,6867,2018-06-25,M,C57BL/6J,Thy1-GCaMP6s,2018-09-19,28.899999618530273,1.2416666701436043
13,0124f697-16ce-4f59-b87c-e53fcb3a27ac,6867,2018-06-25,M,C57BL/6J,Thy1-GCaMP6s,2018-10-08,24.8700008392334,1.2416666701436043
14,0124f697-16ce-4f59-b87c-e53fcb3a27ac,6867,2018-06-25,M,C57BL/6J,Thy1-GCaMP6s,2018-09-28,27.079999923706055,1.2416666701436043
15,0124f697-16ce-4f59-b87c-e53fcb3a27ac,6867,2018-06-25,M,C57BL/6J,Thy1-GCaMP6s,2018-10-18,25.100000381469727,1.2416666701436043
16,0124f697-16ce-4f59-b87c-e53fcb3a27ac,6867,2018-06-25,M,C57BL/6J,Thy1-GCaMP6s,2018-09-20,28.950000762939453,1.2416666701436043
17,0124f697-16ce-4f59-b87c-e53fcb3a27ac,6867,2018-06-25,M,C57BL/6J,Thy1-GCaMP6s,2018-10-09,25.690000534057617,1.2416666701436043
18,0124f697-16ce-4f59-b87c-e53fcb3a27ac,6867,2018-06-25,M,C57BL/6J,Thy1-GCaMP6s,2018-10-01,25.43000030517578,1.2416666701436043
19,0124f697-16ce-4f59-b87c-e53fcb3a27ac,6867,2018-06-25,M,C57BL/6J,Thy1-GCaMP6s,2018-10-19,25.399999618530273,1.2416666701436043
20,0124f697-16ce-4f59-b87c-e53fcb3a27ac,6867,2018-06-25,M,C57BL/6J,Thy1-GCaMP6s,2018-09-21,29.139999389648438,1.2416666701436043
21,0124f697-16ce-4f59-b87c-e53fcb3a27ac,6867,2018-06-25,M,C57BL/6J,Thy1-GCaMP6s,2018-10-10,25.860000610351562,1.2416666701436043
22,0124f697-16ce-4f59-b87c-e53fcb3a27ac,6867,2018-06-25,M,C57BL/6J,Thy1-GCaMP6s,2018-10-02,25.65999984741211,1.2416666701436043
23,0124f697-16ce-4f59-b87c-e53fcb3a27ac,6867,2018-06-25,M,C57BL/6J,Thy1-GCaMP6s,2018-10-22,25.950000762939453,1.2416666701436043
24,0124f697-16ce-4f59-b87c-e53fcb3a27ac,6867,2018-06-25,M,C57BL/6J,Thy1-GCaMP6s,2018-09-24,28.459999084472656,1.2416666701436043
25,0124f697-16ce-4f59-b87c-e53fcb3a27ac,6867,2018-06-25,M,C57BL/6J,Thy1-GCaMP6s,2018-10-11,26.260000228881836,1.2416666701436043
26,03956b1f-6836-4c5f-9dea-b57b5292b177,6870,2018-06-25,M,C57BL/6J,Thy1-GCaMP6s,2018-10-11,29.299999237060547,1.3649999976158143
27,03956b1f-6836-4c5f-9dea-b57b5292b177,6870,2018-06-25,M,C57BL/6J,Thy1-GCaMP6s,2018-10-03,29.030000686645508,1.3649999976158143
28,03956b1f-6836-4c5f-9dea-b57b5292b177,6870,2018-06-25,M,C57BL/6J,Thy1-GCaMP6s,2018-10-23,30.93000030517578,1.3649999976158143
29,03956b1f-6836-4c5f-9dea-b57b5292b177,6870,2018-06-25,M,C57BL/6J,Thy1-GCaMP6s,2018-09-25,30.200000762939453,1.3649999976158143
30,03956b1f-6836-4c5f-9dea-b57b5292b177,6870,2018-06-25,M,C57BL/6J,Thy1-GCaMP6s,2018-10-12,29.860000610351562,1.3649999976158143
31,03956b1f-6836-4c5f-9dea-b57b5292b177,6870,2018-06-25,M,C57BL/6J,Thy1-GCaMP6s,2018-09-17,31.3799991607666,1.3649999976158143
32,03956b1f-6836-4c5f-9dea-b57b5292b177,6870,2018-06-25,M,C57BL/6J,Thy1-GCaMP6s,2018-10-04,28.969999313354492,1.3649999976158143
33,03956b1f-6836-4c5f-9dea-b57b5292b177,6870,2018-06-25,M,C57BL/6J,Thy1-GCaMP6s,2018-09-26,30.0,1.3649999976158143
34,03956b1f-6836-4c5f-9dea-b57b5292b177,6870,2018-06-25,M,C57BL/6J,Thy1-GCaMP6s,2018-10-15,29.639999389648438,1.3649999976158143
35,03956b1f-6836-4c5f-9dea-b57b5292b177,6870,2018-06-25,M,C57BL/6J,Thy1-GCaMP6s,2018-09-18,30.700000762939453,1.3649999976158143
36,03956b1f-6836-4c5f-9dea-b57b5292b177,6870,2018-06-25,M,C57BL/6J,Thy1-GCaMP6s,2018-10-05,29.420000076293945,1.3649999976158143
37,03956b1f-6836-4c5f-9dea-b57b5292b177,6870,2018-06-25,M,C57BL/6J,Thy1-GCaMP6s,2018-09-27,29.489999771118164,1.3649999976158143
38,03956b1f-6836-4c5f-9dea-b57b5292b177,6870,2018-06-25,M,C57BL/6J,Thy1-GCaMP6s,2018-10-17,30.09000015258789,1.3649999976158143
39,03956b1f-6836-4c5f-9dea-b57b5292b177,6870,2018-06-25,M,C57BL/6J,Thy1-GCaMP6s,2018-09-19,31.149999618530273,1.3649999976158143
40,03956b1f-6836-4c5f-9dea-b57b5292b177,6870,2018-06-25,M,C57BL/6J,Thy1-GCaMP6s,2018-10-08,29.420000076293945,1.3649999976158143
41,03956b1f-6836-4c5f-9dea-b57b5292b177,6870,2018-06-25,M,C57BL/6J,Thy1-GCaMP6s,2018-09-28,29.219999313354492,1.3649999976158143
42,03956b1f-6836-4c5f-9dea-b57b5292b177,6870,2018-06-25,M,C57BL/6J,Thy1-GCaMP6s,2018-10-18,30.700000762939453,1.3649999976158143
43,03956b1f-6836-4c5f-9dea-b57b5292b177,6870,2018-06-25,M,C57BL/6J,Thy1-GCaMP6s,2018-09-20,31.700000762939453,1.3649999976158143
44,03956b1f-6836-4c5f-9dea-b57b5292b177,6870,2018-06-25,M,C57BL/6J,Thy1-GCaMP6s,2018-10-09,29.510000228881836,1.3649999976158143
45,03956b1f-6836-4c5f-9dea-b57b5292b177,6870,2018-06-25,M,C57BL/6J,Thy1-GCaMP6s,2018-10-01,29.209999084472656,1.3649999976158143
46,03956b1f-6836-4c5f-9dea-b57b5292b177,6870,2018-06-25,M,C57BL/6J,Thy1-GCaMP6s,2018-10-19,30.100000381469727,1.3649999976158143
47,03956b1f-6836-4c5f-9dea-b57b5292b177,6870,2018-06-25,M,C57BL/6J,Thy1-GCaMP6s,2018-09-21,31.770000457763672,1.3649999976158143
48,03956b1f-6836-4c5f-9dea-b57b5292b177,6870,2018-06-25,M,C57BL/6J,Thy1-GCaMP6s,2018-10-10,29.670000076293945,1.3649999976158143
49,03956b1f-6836-4c5f-9dea-b57b5292b177,6870,2018-06-25,M,C57BL/6J,Thy1-GCaMP6s,2018-10-02,28.399999618530273,1.3649999976158143
50,03956b1f-6836-4c5f-9dea-b57b5292b177,6870,2018-06-25,M,C57BL/6J,Thy1-GCaMP6s,2018-10-22,30.6299991607666,1.3649999976158143
51,03956b1f-6836-4c5f-9dea-b57b5292b177,6870,2018-06-25,M,C57BL/6J,Thy1-GCaMP6s,2018-09-24,32.70000076293945,1.3649999976158143
52,069f70bb-9756-441b-aa69-76b4155547e4,ZM_202,2018-07-22,F,C57BL/6J,Thy1-GCaMP6s,2018-10-22,22.59000015258789,0.6800000190734863
53,069f70bb-9756-441b-aa69-76b4155547e4,ZM_202,2018-07-22,F,C57BL/6J,Thy1-GCaMP6s,2018-09-24,22.510000228881836,0.6800000190734863
54,069f70bb-9756-441b-aa69-76b4155547e4,ZM_202,2018-07-22,F,C57BL/6J,Thy1-GCaMP6s,2018-10-11,21.90999984741211,0.6800000190734863
55,069f70bb-9756-441b-aa69-76b4155547e4,ZM_202,2018-07-22,F,C57BL/6J,Thy1-GCaMP6s,2018-10-03,20.670000076293945,0.6800000190734863
56,069f70bb-9756-441b-aa69-76b4155547e4,ZM_202,2018-07-22,F,C57BL/6J,Thy1-GCaMP6s,2018-10-23,22.559999465942383,0.6800000190734863
57,069f70bb-9756-441b-aa69-76b4155547e4,ZM_202,2018-07-22,F,C57BL/6J,Thy1-GCaMP6s,2018-09-25,21.219999313354492,0.6800000190734863
58,069f70bb-9756-441b-aa69-76b4155547e4,ZM_202,2018-07-22,F,C57BL/6J,Thy1-GCaMP6s,2018-10-12,21.969999313354492,0.6800000190734863
59,069f70bb-9756-441b-aa69-76b4155547e4,ZM_202,2018-07-22,F,C57BL/6J,Thy1-GCaMP6s,2018-09-17,22.239999771118164,0.6800000190734863
60,069f70bb-9756-441b-aa69-76b4155547e4,ZM_202,2018-07-22,F,C57BL/6J,Thy1-GCaMP6s,2018-10-04,20.56999969482422,0.6800000190734863
61,069f70bb-9756-441b-aa69-76b4155547e4,ZM_202,2018-07-22,F,C57BL/6J,Thy1-GCaMP6s,2018-09-26,20.610000610351562,0.6800000190734863
62,069f70bb-9756-441b-aa69-76b4155547e4,ZM_202,2018-07-22,F,C57BL/6J,Thy1-GCaMP6s,2018-10-15,21.649999618530273,0.6800000190734863
63,069f70bb-9756-441b-aa69-76b4155547e4,ZM_202,2018-07-22,F,C57BL/6J,Thy1-GCaMP6s,2018-09-18,22.670000076293945,0.6800000190734863
64,069f70bb-9756-441b-aa69-76b4155547e4,ZM_202,2018-07-22,F,C57BL/6J,Thy1-GCaMP6s,2018-10-05,21.530000686645508,0.6800000190734863
65,069f70bb-9756-441b-aa69-76b4155547e4,ZM_202,2018-07-22,F,C57BL/6J,Thy1-GCaMP6s,2018-09-27,20.010000228881836,0.6800000190734863
66,069f70bb-9756-441b-aa69-76b4155547e4,ZM_202,2018-07-22,F,C57BL/6J,Thy1-GCaMP6s,2018-10-17,21.440000534057617,0.6800000190734863
67,069f70bb-9756-441b-aa69-76b4155547e4,ZM_202,2018-07-22,F,C57BL/6J,Thy1-GCaMP6s,2018-09-19,22.68000030517578,0.6800000190734863
68,069f70bb-9756-441b-aa69-76b4155547e4,ZM_202,2018-07-22,F,C57BL/6J,Thy1-GCaMP6s,2018-10-08,21.030000686645508,0.6800000190734863
69,069f70bb-9756-441b-aa69-76b4155547e4,ZM_202,2018-07-22,F,C57BL/6J,Thy1-GCaMP6s,2018-09-28,19.709999084472656,0.6800000190734863
70,069f70bb-9756-441b-aa69-76b4155547e4,ZM_202,2018-07-22,F,C57BL/6J,Thy1-GCaMP6s,2018-10-18,21.760000228881836,0.6800000190734863
71,069f70bb-9756-441b-aa69-76b4155547e4,ZM_202,2018-07-22,F,C57BL/6J,Thy1-GCaMP6s,2018-09-20,22.65999984741211,0.6800000190734863
72,069f70bb-9756-441b-aa69-76b4155547e4,ZM_202,2018-07-22,F,C57BL/6J,Thy1-GCaMP6s,2018-10-09,20.969999313354492,0.6800000190734863
73,069f70bb-9756-441b-aa69-76b4155547e4,ZM_202,2018-07-22,F,C57BL/6J,Thy1-GCaMP6s,2018-10-01,20.18000030517578,0.6800000190734863
74,069f70bb-9756-441b-aa69-76b4155547e4,ZM_202,2018-07-22,F,C57BL/6J,Thy1-GCaMP6s,2018-10-19,22.5,0.6800000190734863
75,069f70bb-9756-441b-aa69-76b4155547e4,ZM_202,2018-07-22,F,C57BL/6J,Thy1-GCaMP6s,2018-09-21,23.110000610351562,0.6800000190734863
76,069f70bb-9756-441b-aa69-76b4155547e4,ZM_202,2018-07-22,F,C57BL/6J,Thy1-GCaMP6s,2018-10-10,20.899999618530273,0.6800000190734863
77,069f70bb-9756-441b-aa69-76b4155547e4,ZM_202,2018-07-22,F,C57BL/6J,Thy1-GCaMP6s,2018-10-02,20.34000015258789,0.6800000190734863
78,07befa52-9512-4b7b-a744-c4ffd9ee6b66,6873,2018-06-25,F,C57BL/6J,Thy1-GCaMP6s,2018-10-02,20.8799991607666,3.8968254043942405
79,07befa52-9512-4b7b-a744-c4ffd9ee6b66,6873,2018-06-25,F,C57BL/6J,Thy1-GCaMP6s,2018-10-22,21.549999237060547,3.8968254043942405
80,07befa52-9512-4b7b-a744-c4ffd9ee6b66,6873,2018-06-25,F,C57BL/6J,Thy1-GCaMP6s,2018-09-24,20.420000076293945,3.8968254043942405
81,07befa52-9512-4b7b-a744-c4ffd9ee6b66,6873,2018-06-25,F,C57BL/6J,Thy1-GCaMP6s,2018-10-11,21.600000381469727,3.8968254043942405
82,07befa52-9512-4b7b-a744-c4ffd9ee6b66,6873,2018-06-25,F,C57BL/6J,Thy1-GCaMP6s,2018-10-03,20.850000381469727,3.8968254043942405
83,07befa52-9512-4b7b-a744-c4ffd9ee6b66,6873,2018-06-25,F,C57BL/6J,Thy1-GCaMP6s,2018-10-23,21.639999389648438,3.8968254043942405
84,07befa52-9512-4b7b-a744-c4ffd9ee6b66,6873,2018-06-25,F,C57BL/6J,Thy1-GCaMP6s,2018-09-25,20.850000381469727,3.8968254043942405
85,07befa52-9512-4b7b-a744-c4ffd9ee6b66,6873,2018-06-25,F,C57BL/6J,Thy1-GCaMP6s,2018-10-12,21.829999923706055,3.8968254043942405
86,07befa52-9512-4b7b-a744-c4ffd9ee6b66,6873,2018-06-25,F,C57BL/6J,Thy1-GCaMP6s,2018-09-17,20.420000076293945,3.8968254043942405
87,07befa52-9512-4b7b-a744-c4ffd9ee6b66,6873,2018-06-25,F,C57BL/6J,Thy1-GCaMP6s,2018-10-04,21.200000762939453,3.8968254043942405
88,07befa52-9512-4b7b-a744-c4ffd9ee6b66,6873,2018-06-25,F,C57BL/6J,Thy1-GCaMP6s,2018-09-26,21.5,3.8968254043942405
89,07befa52-9512-4b7b-a744-c4ffd9ee6b66,6873,2018-06-25,F,C57BL/6J,Thy1-GCaMP6s,2018-10-15,21.5,3.8968254043942405
90,07befa52-9512-4b7b-a744-c4ffd9ee6b66,6873,2018-06-25,F,C57BL/6J,Thy1-GCaMP6s,2018-09-18,20.6200008392334,3.8968254043942405
91,07befa52-9512-4b7b-a744-c4ffd9ee6b66,6873,2018-06-25,F,C57BL/6J,Thy1-GCaMP6s,2018-10-05,21.309999465942383,3.8968254043942405
92,07befa52-9512-4b7b-a744-c4ffd9ee6b66,6873,2018-06-25,F,C57BL/6J,Thy1-GCaMP6s,2018-09-27,21.3700008392334,3.8968254043942405
93,07befa52-9512-4b7b-a744-c4ffd9ee6b66,6873,2018-06-25,F,C57BL/6J,Thy1-GCaMP6s,2018-10-17,21.6200008392334,3.8968254043942405
94,07befa52-9512-4b7b-a744-c4ffd9ee6b66,6873,2018-06-25,F,C57BL/6J,Thy1-GCaMP6s,2018-09-19,20.850000381469727,3.8968254043942405
95,07befa52-9512-4b7b-a744-c4ffd9ee6b66,6873,2018-06-25,F,C57BL/6J,Thy1-GCaMP6s,2018-10-08,22.0,3.8968254043942405
96,07befa52-9512-4b7b-a744-c4ffd9ee6b66,6873,2018-06-25,F,C57BL/6J,Thy1-GCaMP6s,2018-09-28,21.1299991607666,3.8968254043942405
97,07befa52-9512-4b7b-a744-c4ffd9ee6b66,6873,2018-06-25,F,C57BL/6J,Thy1-GCaMP6s,2018-10-18,21.34000015258789,3.8968254043942405
98,07befa52-9512-4b7b-a744-c4ffd9ee6b66,6873,2018-06-25,F,C57BL/6J,Thy1-GCaMP6s,2018-09-20,20.260000228881836,3.8968254043942405
99,07befa52-9512-4b7b-a744-c4ffd9ee6b66,6873,2018-06-25,F,C57BL/6J,Thy1-GCaMP6s,2018-10-09,22.170000076293945,3.8968254043942405
100,07befa52-9512-4b7b-a744-c4ffd9ee6b66,6873,2018-06-25,F,C57BL/6J,Thy1-GCaMP6s,2018-10-01,21.389999389648438,3.8968254043942405
101,07befa52-9512-4b7b-a744-c4ffd9ee6b66,6873,2018-06-25,F,C57BL/6J,Thy1-GCaMP6s,2018-10-19,21.530000686645508,3.8968254043942405
102,07befa52-9512-4b7b-a744-c4ffd9ee6b66,6873,2018-06-25,F,C57BL/6J,Thy1-GCaMP6s,2018-09-21,20.3700008392334,3.8968254043942405
103,07befa52-9512-4b7b-a744-c4ffd9ee6b66,6873,2018-06-25,F,C57BL/6J,Thy1-GCaMP6s,2018-10-10,21.5,3.8968254043942405
104,1deb9263-97d5-433b-90ab-0c10512bb706,ZM_206,2018-07-23,M,C57BL/6J,Thy1-GCaMP6s,2018-09-21,25.440000534057617,0.6800000190734863
105,1deb9263-97d5-433b-90ab-0c10512bb706,ZM_206,2018-07-23,M,C57BL/6J,Thy1-GCaMP6s,2018-10-10,22.6299991607666,0.6800000190734863
106,1deb9263-97d5-433b-90ab-0c10512bb706,ZM_206,2018-07-23,M,C57BL/6J,Thy1-GCaMP6s,2018-10-02,22.940000534057617,0.6800000190734863
107,1deb9263-97d5-433b-90ab-0c10512bb706,ZM_206,2018-07-23,M,C57BL/6J,Thy1-GCaMP6s,2018-10-22,24.399999618530273,0.6800000190734863
108,1deb9263-97d5-433b-90ab-0c10512bb706,ZM_206,2018-07-23,M,C57BL/6J,Thy1-GCaMP6s,2018-09-24,25.239999771118164,0.6800000190734863
109,1deb9263-97d5-433b-90ab-0c10512bb706,ZM_206,2018-07-23,M,C57BL/6J,Thy1-GCaMP6s,2018-10-11,23.25,0.6800000190734863
110,1deb9263-97d5-433b-90ab-0c10512bb706,ZM_206,2018-07-23,M,C57BL/6J,Thy1-GCaMP6s,2018-10-03,23.34000015258789,0.6800000190734863
111,1deb9263-97d5-433b-90ab-0c10512bb706,ZM_206,2018-07-23,M,C57BL/6J,Thy1-GCaMP6s,2018-10-23,24.350000381469727,0.6800000190734863
112,1deb9263-97d5-433b-90ab-0c10512bb706,ZM_206,2018-07-23,M,C57BL/6J,Thy1-GCaMP6s,2018-09-25,24.06999969482422,0.6800000190734863
113,1deb9263-97d5-433b-90ab-0c10512bb706,ZM_206,2018-07-23,M,C57BL/6J,Thy1-GCaMP6s,2018-10-12,23.200000762939453,0.6800000190734863
114,1deb9263-97d5-433b-90ab-0c10512bb706,ZM_206,2018-07-23,M,C57BL/6J,Thy1-GCaMP6s,2018-09-17,25.139999389648438,0.6800000190734863
115,1deb9263-97d5-433b-90ab-0c10512bb706,ZM_206,2018-07-23,M,C57BL/6J,Thy1-GCaMP6s,2018-10-04,22.989999771118164,0.6800000190734863
116,1deb9263-97d5-433b-90ab-0c10512bb706,ZM_206,2018-07-23,M,C57BL/6J,Thy1-GCaMP6s,2018-09-26,23.459999084472656,0.6800000190734863
117,1deb9263-97d5-433b-90ab-0c10512bb706,ZM_206,2018-07-23,M,C57BL/6J,Thy1-GCaMP6s,2018-10-15,23.549999237060547,0.6800000190734863
118,1deb9263-97d5-433b-90ab-0c10512bb706,ZM_206,2018-07-23,M,C57BL/6J,Thy1-GCaMP6s,2018-09-18,25.059999465942383,0.6800000190734863
119,1deb9263-97d5-433b-90ab-0c10512bb706,ZM_206,2018-07-23,M,C57BL/6J,Thy1-GCaMP6s,2018-10-05,23.440000534057617,0.6800000190734863
120,1deb9263-97d5-433b-90ab-0c10512bb706,ZM_206,2018-07-23,M,C57BL/6J,Thy1-GCaMP6s,2018-09-27,23.3799991607666,0.6800000190734863
121,1deb9263-97d5-433b-90ab-0c10512bb706,ZM_206,2018-07-23,M,C57BL/6J,Thy1-GCaMP6s,2018-10-17,23.440000534057617,0.6800000190734863
122,1deb9263-97d5-433b-90ab-0c10512bb706,ZM_206,2018-07-23,M,C57BL/6J,Thy1-GCaMP6s,2018-09-19,25.59000015258789,0.6800000190734863
123,1deb9263-97d5-433b-90ab-0c10512bb706,ZM_206,2018-07-23,M,C57BL/6J,Thy1-GCaMP6s,2018-10-08,22.850000381469727,0.6800000190734863
124,1deb9263-97d5-433b-90ab-0c10512bb706,ZM_206,2018-07-23,M,C57BL/6J,Thy1-GCaMP6s,2018-09-28,22.6299991607666,0.6800000190734863
125,1deb9263-97d5-433b-90ab-0c10512bb706,ZM_206,2018-07-23,M,C57BL/6J,Thy1-GCaMP6s,2018-10-18,23.700000762939453,0.6800000190734863
126,1deb9263-97d5-433b-90ab-0c10512bb706,ZM_206,2018-07-23,M,C57BL/6J,Thy1-GCaMP6s,2018-09-20,25.25,0.6800000190734863
127,1deb9263-97d5-433b-90ab-0c10512bb706,ZM_206,2018-07-23,M,C57BL/6J,Thy1-GCaMP6s,2018-10-09,22.84000015258789,0.6800000190734863
128,1deb9263-97d5-433b-90ab-0c10512bb706,ZM_206,2018-07-23,M,C57BL/6J,Thy1-GCaMP6s,2018-10-01,22.479999542236328,0.6800000190734863
129,1deb9263-97d5-433b-90ab-0c10512bb706,ZM_206,2018-07-23,M,C57BL/6J,Thy1-GCaMP6s,2018-10-19,24.170000076293945,0.6800000190734863
130,21e1df44-3aaf-44bc-bb50-60793591a260,6869,2018-06-25,M,C57BL/6J,Thy1-GCaMP6s,2018-10-01,27.0,1.6825396844318934
131,21e1df44-3aaf-44bc-bb50-60793591a260,6869,2018-06-25,M,C57BL/6J,Thy1-GCaMP6s,2018-10-19,27.200000762939453,1.6825396844318934
132,21e1df44-3aaf-44bc-bb50-60793591a260,6869,2018-06-25,M,C57BL/6J,Thy1-GCaMP6s,2018-09-21,30.190000534057617,1.6825396844318934
133,21e1df44-3aaf-44bc-bb50-60793591a260,6869,2018-06-25,M,C57BL/6J,Thy1-GCaMP6s,2018-10-10,27.260000228881836,1.6825396844318934
134,21e1df44-3aaf-44bc-bb50-60793591a260,6869,2018-06-25,M,C57BL/6J,Thy1-GCaMP6s,2018-10-02,27.049999237060547,1.6825396844318934
135,21e1df44-3aaf-44bc-bb50-60793591a260,6869,2018-06-25,M,C57BL/6J,Thy1-GCaMP6s,2018-10-22,27.010000228881836,1.6825396844318934
136,21e1df44-3aaf-44bc-bb50-60793591a260,6869,2018-06-25,M,C57BL/6J,Thy1-GCaMP6s,2018-09-24,29.469999313354492,1.6825396844318934
137,21e1df44-3aaf-44bc-bb50-60793591a260,6869,2018-06-25,M,C57BL/6J,Thy1-GCaMP6s,2018-10-11,27.719999313354492,1.6825396844318934
138,21e1df44-3aaf-44bc-bb50-60793591a260,6869,2018-06-25,M,C57BL/6J,Thy1-GCaMP6s,2018-10-03,26.75,1.6825396844318934
139,21e1df44-3aaf-44bc-bb50-60793591a260,6869,2018-06-25,M,C57BL/6J,Thy1-GCaMP6s,2018-10-23,27.31999969482422,1.6825396844318934
140,21e1df44-3aaf-44bc-bb50-60793591a260,6869,2018-06-25,M,C57BL/6J,Thy1-GCaMP6s,2018-09-25,28.700000762939453,1.6825396844318934
141,21e1df44-3aaf-44bc-bb50-60793591a260,6869,2018-06-25,M,C57BL/6J,Thy1-GCaMP6s,2018-10-12,27.530000686645508,1.6825396844318934
142,21e1df44-3aaf-44bc-bb50-60793591a260,6869,2018-06-25,M,C57BL/6J,Thy1-GCaMP6s,2018-09-17,28.899999618530273,1.6825396844318934
143,21e1df44-3aaf-44bc-bb50-60793591a260,6869,2018-06-25,M,C57BL/6J,Thy1-GCaMP6s,2018-10-04,26.459999084472656,1.6825396844318934
144,21e1df44-3aaf-44bc-bb50-60793591a260,6869,2018-06-25,M,C57BL/6J,Thy1-GCaMP6s,2018-09-26,28.5,1.6825396844318934
145,21e1df44-3aaf-44bc-bb50-60793591a260,6869,2018-06-25,M,C57BL/6J,Thy1-GCaMP6s,2018-10-15,26.850000381469727,1.6825396844318934
146,21e1df44-3aaf-44bc-bb50-60793591a260,6869,2018-06-25,M,C57BL/6J,Thy1-GCaMP6s,2018-09-18,28.399999618530273,1.6825396844318934
147,21e1df44-3aaf-44bc-bb50-60793591a260,6869,2018-06-25,M,C57BL/6J,Thy1-GCaMP6s,2018-10-05,27.049999237060547,1.6825396844318934
148,21e1df44-3aaf-44bc-bb50-60793591a260,6869,2018-06-25,M,C57BL/6J,Thy1-GCaMP6s,2018-09-27,28.100000381469727,1.6825396844318934
149,21e1df44-3aaf-44bc-bb50-60793591a260,6869,2018-06-25,M,C57BL/6J,Thy1-GCaMP6s,2018-10-17,27.1200008392334,1.6825396844318934
150,21e1df44-3aaf-44bc-bb50-60793591a260,6869,2018-06-25,M,C57BL/6J,Thy1-GCaMP6s,2018-09-19,29.25,1.6825396844318934
151,21e1df44-3aaf-44bc-bb50-60793591a260,6869,2018-06-25,M,C57BL/6J,Thy1-GCaMP6s,2018-10-08,26.229999542236328,1.6825396844318934
152,21e1df44-3aaf-44bc-bb50-60793591a260,6869,2018-06-25,M,C57BL/6J,Thy1-GCaMP6s,2018-09-28,27.770000457763672,1.6825396844318934
153,21e1df44-3aaf-44bc-bb50-60793591a260,6869,2018-06-25,M,C57BL/6J,Thy1-GCaMP6s,2018-10-18,26.739999771118164,1.6825396844318934
154,21e1df44-3aaf-44bc-bb50-60793591a260,6869,2018-06-25,M,C57BL/6J,Thy1-GCaMP6s,2018-09-20,29.31999969482422,1.6825396844318934
155,21e1df44-3aaf-44bc-bb50-60793591a260,6869,2018-06-25,M,C57BL/6J,Thy1-GCaMP6s,2018-10-09,27.049999237060547,1.6825396844318934
156,2498cb76-8d25-4a84-84ca-0c413028e0c3,6872,2018-06-25,F,C57BL/6J,Thy1-GCaMP6s,2018-10-09,19.360000610351562,1.5634920682225908
157,2498cb76-8d25-4a84-84ca-0c413028e0c3,6872,2018-06-25,F,C57BL/6J,Thy1-GCaMP6s,2018-10-01,20.770000457763672,1.5634920682225908
158,2498cb76-8d25-4a84-84ca-0c413028e0c3,6872,2018-06-25,F,C57BL/6J,Thy1-GCaMP6s,2018-10-19,20.989999771118164,1.5634920682225908
159,2498cb76-8d25-4a84-84ca-0c413028e0c3,6872,2018-06-25,F,C57BL/6J,Thy1-GCaMP6s,2018-09-21,22.170000076293945,1.5634920682225908
160,2498cb76-8d25-4a84-84ca-0c413028e0c3,6872,2018-06-25,F,C57BL/6J,Thy1-GCaMP6s,2018-10-10,19.0,1.5634920682225908
161,2498cb76-8d25-4a84-84ca-0c413028e0c3,6872,2018-06-25,F,C57BL/6J,Thy1-GCaMP6s,2018-10-02,21.219999313354492,1.5634920682225908
162,2498cb76-8d25-4a84-84ca-0c413028e0c3,6872,2018-06-25,F,C57BL/6J,Thy1-GCaMP6s,2018-10-22,20.3700008392334,1.5634920682225908
163,2498cb76-8d25-4a84-84ca-0c413028e0c3,6872,2018-06-25,F,C57BL/6J,Thy1-GCaMP6s,2018-09-24,22.020000457763672,1.5634920682225908
164,2498cb76-8d25-4a84-84ca-0c413028e0c3,6872,2018-06-25,F,C57BL/6J,Thy1-GCaMP6s,2018-10-11,19.739999771118164,1.5634920682225908
165,2498cb76-8d25-4a84-84ca-0c413028e0c3,6872,2018-06-25,F,C57BL/6J,Thy1-GCaMP6s,2018-10-03,21.139999389648438,1.5634920682225908
166,2498cb76-8d25-4a84-84ca-0c413028e0c3,6872,2018-06-25,F,C57BL/6J,Thy1-GCaMP6s,2018-10-23,20.530000686645508,1.5634920682225908
167,2498cb76-8d25-4a84-84ca-0c413028e0c3,6872,2018-06-25,F,C57BL/6J,Thy1-GCaMP6s,2018-09-25,21.459999084472656,1.5634920682225908
168,2498cb76-8d25-4a84-84ca-0c413028e0c3,6872,2018-06-25,F,C57BL/6J,Thy1-GCaMP6s,2018-10-12,19.40999984741211,1.5634920682225908
169,2498cb76-8d25-4a84-84ca-0c413028e0c3,6872,2018-06-25,F,C57BL/6J,Thy1-GCaMP6s,2018-09-17,20.899999618530273,1.5634920682225908
170,2498cb76-8d25-4a84-84ca-0c413028e0c3,6872,2018-06-25,F,C57BL/6J,Thy1-GCaMP6s,2018-10-04,20.920000076293945,1.5634920682225908
171,2498cb76-8d25-4a84-84ca-0c413028e0c3,6872,2018-06-25,F,C57BL/6J,Thy1-GCaMP6s,2018-09-26,21.729999542236328,1.5634920682225908
172,2498cb76-8d25-4a84-84ca-0c413028e0c3,6872,2018-06-25,F,C57BL/6J,Thy1-GCaMP6s,2018-10-15,20.489999771118164,1.5634920682225908
173,2498cb76-8d25-4a84-84ca-0c413028e0c3,6872,2018-06-25,F,C57BL/6J,Thy1-GCaMP6s,2018-09-18,20.889999389648438,1.5634920682225908
174,2498cb76-8d25-4a84-84ca-0c413028e0c3,6872,2018-06-25,F,C57BL/6J,Thy1-GCaMP6s,2018-10-05,21.610000610351562,1.5634920682225908
175,2498cb76-8d25-4a84-84ca-0c413028e0c3,6872,2018-06-25,F,C57BL/6J,Thy1-GCaMP6s,2018-09-27,20.93000030517578,1.5634920682225908
176,2498cb76-8d25-4a84-84ca-0c413028e0c3,6872,2018-06-25,F,C57BL/6J,Thy1-GCaMP6s,2018-10-17,21.3799991607666,1.5634920682225908
177,2498cb76-8d25-4a84-84ca-0c413028e0c3,6872,2018-06-25,F,C57BL/6J,Thy1-GCaMP6s,2018-09-19,21.290000915527344,1.5634920682225908
178,2498cb76-8d25-4a84-84ca-0c413028e0c3,6872,2018-06-25,F,C57BL/6J,Thy1-GCaMP6s,2018-10-08,19.860000610351562,1.5634920682225908
179,2498cb76-8d25-4a84-84ca-0c413028e0c3,6872,2018-06-25,F,C57BL/6J,Thy1-GCaMP6s,2018-09-28,20.649999618530273,1.5634920682225908
180,2498cb76-8d25-4a84-84ca-0c413028e0c3,6872,2018-06-25,F,C57BL/6J,Thy1-GCaMP6s,2018-10-18,21.200000762939453,1.5634920682225908
181,2498cb76-8d25-4a84-84ca-0c413028e0c3,6872,2018-06-25,F,C57BL/6J,Thy1-GCaMP6s,2018-09-20,21.6299991607666,1.5634920682225908
182,342f4745-7606-4506-b81d-c7e27ed78c44,ZM_342,2018-08-08,F,C57BL/6J,Thy1-GCaMP6s,2018-10-18,16.979999542236328,1.5158730206035433
183,342f4745-7606-4506-b81d-c7e27ed78c44,ZM_342,2018-08-08,F,C57BL/6J,Thy1-GCaMP6s,2018-09-20,15.649999618530273,1.5158730206035433
184,342f4745-7606-4506-b81d-c7e27ed78c44,ZM_342,2018-08-08,F,C57BL/6J,Thy1-GCaMP6s,2018-10-09,15.970000267028809,1.5158730206035433
185,342f4745-7606-4506-b81d-c7e27ed78c44,ZM_342,2018-08-08,F,C57BL/6J,Thy1-GCaMP6s,2018-10-01,15.9399995803833,1.5158730206035433
186,342f4745-7606-4506-b81d-c7e27ed78c44,ZM_342,2018-08-08,F,C57BL/6J,Thy1-GCaMP6s,2018-10-19,16.829999923706055,1.5158730206035433
187,342f4745-7606-4506-b81d-c7e27ed78c44,ZM_342,2018-08-08,F,C57BL/6J,Thy1-GCaMP6s,2018-09-21,15.050000190734863,1.5158730206035433
188,342f4745-7606-4506-b81d-c7e27ed78c44,ZM_342,2018-08-08,F,C57BL/6J,Thy1-GCaMP6s,2018-10-10,16.65999984741211,1.5158730206035433
189,342f4745-7606-4506-b81d-c7e27ed78c44,ZM_342,2018-08-08,F,C57BL/6J,Thy1-GCaMP6s,2018-10-02,15.920000076293945,1.5158730206035433
190,342f4745-7606-4506-b81d-c7e27ed78c44,ZM_342,2018-08-08,F,C57BL/6J,Thy1-GCaMP6s,2018-10-22,17.350000381469727,1.5158730206035433
191,342f4745-7606-4506-b81d-c7e27ed78c44,ZM_342,2018-08-08,F,C57BL/6J,Thy1-GCaMP6s,2018-09-24,15.960000038146973,1.5158730206035433
192,342f4745-7606-4506-b81d-c7e27ed78c44,ZM_342,2018-08-08,F,C57BL/6J,Thy1-GCaMP6s,2018-10-11,16.709999084472656,1.5158730206035433
193,342f4745-7606-4506-b81d-c7e27ed78c44,ZM_342,2018-08-08,F,C57BL/6J,Thy1-GCaMP6s,2018-10-03,16.0,1.5158730206035433
194,342f4745-7606-4506-b81d-c7e27ed78c44,ZM_342,2018-08-08,F,C57BL/6J,Thy1-GCaMP6s,2018-10-23,17.399999618530273,1.5158730206035433
195,342f4745-7606-4506-b81d-c7e27ed78c44,ZM_342,2018-08-08,F,C57BL/6J,Thy1-GCaMP6s,2018-09-25,15.880000114440918,1.5158730206035433
196,342f4745-7606-4506-b81d-c7e27ed78c44,ZM_342,2018-08-08,F,C57BL/6J,Thy1-GCaMP6s,2018-10-12,16.450000762939453,1.5158730206035433
197,342f4745-7606-4506-b81d-c7e27ed78c44,ZM_342,2018-08-08,F,C57BL/6J,Thy1-GCaMP6s,2018-09-17,16.079999923706055,1.5158730206035433
198,342f4745-7606-4506-b81d-c7e27ed78c44,ZM_342,2018-08-08,F,C57BL/6J,Thy1-GCaMP6s,2018-10-04,16.15999984741211,1.5158730206035433
199,342f4745-7606-4506-b81d-c7e27ed78c44,ZM_342,2018-08-08,F,C57BL/6J,Thy1-GCaMP6s,2018-09-26,16.229999542236328,1.5158730206035433
200,342f4745-7606-4506-b81d-c7e27ed78c44,ZM_342,2018-08-08,F,C57BL/6J,Thy1-GCaMP6s,2018-10-15,16.639999389648438,1.5158730206035433
201,342f4745-7606-4506-b81d-c7e27ed78c44,ZM_342,2018-08-08,F,C57BL/6J,Thy1-GCaMP6s,2018-09-18,16.700000762939453,1.5158730206035433
202,342f4745-7606-4506-b81d-c7e27ed78c44,ZM_342,2018-08-08,F,C57BL/6J,Thy1-GCaMP6s,2018-10-05,16.309999465942383,1.5158730206035433
203,342f4745-7606-4506-b81d-c7e27ed78c44,ZM_342,2018-08-08,F,C57BL/6J,Thy1-GCaMP6s,2018-09-27,16.040000915527344,1.5158730206035433
204,342f4745-7606-4506-b81d-c7e27ed78c44,ZM_342,2018-08-08,F,C57BL/6J,Thy1-GCaMP6s,2018-10-17,17.0,1.5158730206035433
205,342f4745-7606-4506-b81d-c7e27ed78c44,ZM_342,2018-08-08,F,C57BL/6J,Thy1-GCaMP6s,2018-09-19,15.5,1.5158730206035433
206,342f4745-7606-4506-b81d-c7e27ed78c44,ZM_342,2018-08-08,F,C57BL/6J,Thy1-GCaMP6s,2018-10-08,15.90999984741211,1.5158730206035433
207,342f4745-7606-4506-b81d-c7e27ed78c44,ZM_342,2018-08-08,F,C57BL/6J,Thy1-GCaMP6s,2018-09-28,15.9399995803833,1.5158730206035433
208,3cc9e62f-5a3d-43ab-9ed6-66dcc6d3a3be,ZM_208,2018-07-23,M,C57BL/6J,Thy1-GCaMP6s,2018-09-28,22.25,0.6800000190734863
209,3cc9e62f-5a3d-43ab-9ed6-66dcc6d3a3be,ZM_208,2018-07-23,M,C57BL/6J,Thy1-GCaMP6s,2018-10-18,24.6200008392334,0.6800000190734863
210,3cc9e62f-5a3d-43ab-9ed6-66dcc6d3a3be,ZM_208,2018-07-23,M,C57BL/6J,Thy1-GCaMP6s,2018-09-20,24.950000762939453,0.6800000190734863
211,3cc9e62f-5a3d-43ab-9ed6-66dcc6d3a3be,ZM_208,2018-07-23,M,C57BL/6J,Thy1-GCaMP6s,2018-10-09,23.15999984741211,0.6800000190734863
212,3cc9e62f-5a3d-43ab-9ed6-66dcc6d3a3be,ZM_208,2018-07-23,M,C57BL/6J,Thy1-GCaMP6s,2018-10-01,22.15999984741211,0.6800000190734863
213,3cc9e62f-5a3d-43ab-9ed6-66dcc6d3a3be,ZM_208,2018-07-23,M,C57BL/6J,Thy1-GCaMP6s,2018-10-19,24.729999542236328,0.6800000190734863
214,3cc9e62f-5a3d-43ab-9ed6-66dcc6d3a3be,ZM_208,2018-07-23,M,C57BL/6J,Thy1-GCaMP6s,2018-09-21,25.010000228881836,0.6800000190734863
215,3cc9e62f-5a3d-43ab-9ed6-66dcc6d3a3be,ZM_208,2018-07-23,M,C57BL/6J,Thy1-GCaMP6s,2018-10-10,23.170000076293945,0.6800000190734863
216,3cc9e62f-5a3d-43ab-9ed6-66dcc6d3a3be,ZM_208,2018-07-23,M,C57BL/6J,Thy1-GCaMP6s,2018-10-02,22.1200008392334,0.6800000190734863
217,3cc9e62f-5a3d-43ab-9ed6-66dcc6d3a3be,ZM_208,2018-07-23,M,C57BL/6J,Thy1-GCaMP6s,2018-10-22,24.25,0.6800000190734863
218,3cc9e62f-5a3d-43ab-9ed6-66dcc6d3a3be,ZM_208,2018-07-23,M,C57BL/6J,Thy1-GCaMP6s,2018-09-24,24.75,0.6800000190734863
219,3cc9e62f-5a3d-43ab-9ed6-66dcc6d3a3be,ZM_208,2018-07-23,M,C57BL/6J,Thy1-GCaMP6s,2018-10-11,23.540000915527344,0.6800000190734863
220,3cc9e62f-5a3d-43ab-9ed6-66dcc6d3a3be,ZM_208,2018-07-23,M,C57BL/6J,Thy1-GCaMP6s,2018-10-03,22.420000076293945,0.6800000190734863
221,3cc9e62f-5a3d-43ab-9ed6-66dcc6d3a3be,ZM_208,2018-07-23,M,C57BL/6J,Thy1-GCaMP6s,2018-10-23,24.31999969482422,0.6800000190734863
222,3cc9e62f-5a3d-43ab-9ed6-66dcc6d3a3be,ZM_208,2018-07-23,M,C57BL/6J,Thy1-GCaMP6s,2018-09-25,23.489999771118164,0.6800000190734863
223,3cc9e62f-5a3d-43ab-9ed6-66dcc6d3a3be,ZM_208,2018-07-23,M,C57BL/6J,Thy1-GCaMP6s,2018-10-12,23.700000762939453,0.6800000190734863
224,3cc9e62f-5a3d-43ab-9ed6-66dcc6d3a3be,ZM_208,2018-07-23,M,C57BL/6J,Thy1-GCaMP6s,2018-09-17,24.600000381469727,0.6800000190734863
225,3cc9e62f-5a3d-43ab-9ed6-66dcc6d3a3be,ZM_208,2018-07-23,M,C57BL/6J,Thy1-GCaMP6s,2018-10-04,22.329999923706055,0.6800000190734863
226,3cc9e62f-5a3d-43ab-9ed6-66dcc6d3a3be,ZM_208,2018-07-23,M,C57BL/6J,Thy1-GCaMP6s,2018-09-26,23.100000381469727,0.6800000190734863
227,3cc9e62f-5a3d-43ab-9ed6-66dcc6d3a3be,ZM_208,2018-07-23,M,C57BL/6J,Thy1-GCaMP6s,2018-10-15,23.959999084472656,0.6800000190734863
228,3cc9e62f-5a3d-43ab-9ed6-66dcc6d3a3be,ZM_208,2018-07-23,M,C57BL/6J,Thy1-GCaMP6s,2018-09-18,24.399999618530273,0.6800000190734863
229,3cc9e62f-5a3d-43ab-9ed6-66dcc6d3a3be,ZM_208,2018-07-23,M,C57BL/6J,Thy1-GCaMP6s,2018-10-05,23.469999313354492,0.6800000190734863
230,3cc9e62f-5a3d-43ab-9ed6-66dcc6d3a3be,ZM_208,2018-07-23,M,C57BL/6J,Thy1-GCaMP6s,2018-09-27,22.65999984741211,0.6800000190734863
231,3cc9e62f-5a3d-43ab-9ed6-66dcc6d3a3be,ZM_208,2018-07-23,M,C57BL/6J,Thy1-GCaMP6s,2018-10-17,24.100000381469727,0.6800000190734863
232,3cc9e62f-5a3d-43ab-9ed6-66dcc6d3a3be,ZM_208,2018-07-23,M,C57BL/6J,Thy1-GCaMP6s,2018-09-19,25.040000915527344,0.6800000190734863
233,3cc9e62f-5a3d-43ab-9ed6-66dcc6d3a3be,ZM_208,2018-07-23,M,C57BL/6J,Thy1-GCaMP6s,2018-10-08,23.360000610351562,0.6800000190734863
234,43b91da7-0be5-493a-bec5-ebd8d624a573,ZM_209,2018-07-23,M,C57BL/6J,Thy1-GCaMP6s,2018-09-19,25.469999313354492,1.6507936545780726
235,43b91da7-0be5-493a-bec5-ebd8d624a573,ZM_209,2018-07-23,M,C57BL/6J,Thy1-GCaMP6s,2018-10-08,22.549999237060547,1.6507936545780726
236,43b91da7-0be5-493a-bec5-ebd8d624a573,ZM_209,2018-07-23,M,C57BL/6J,Thy1-GCaMP6s,2018-09-28,23.799999237060547,1.6507936545780726
237,43b91da7-0be5-493a-bec5-ebd8d624a573,ZM_209,2018-07-23,M,C57BL/6J,Thy1-GCaMP6s,2018-10-18,23.1200008392334,1.6507936545780726
238,43b91da7-0be5-493a-bec5-ebd8d624a573,ZM_209,2018-07-23,M,C57BL/6J,Thy1-GCaMP6s,2018-09-20,25.360000610351562,1.6507936545780726
239,43b91da7-0be5-493a-bec5-ebd8d624a573,ZM_209,2018-07-23,M,C57BL/6J,Thy1-GCaMP6s,2018-10-09,23.059999465942383,1.6507936545780726
240,43b91da7-0be5-493a-bec5-ebd8d624a573,ZM_209,2018-07-23,M,C57BL/6J,Thy1-GCaMP6s,2018-10-01,23.290000915527344,1.6507936545780726
241,43b91da7-0be5-493a-bec5-ebd8d624a573,ZM_209,2018-07-23,M,C57BL/6J,Thy1-GCaMP6s,2018-10-19,22.889999389648438,1.6507936545780726
242,43b91da7-0be5-493a-bec5-ebd8d624a573,ZM_209,2018-07-23,M,C57BL/6J,Thy1-GCaMP6s,2018-09-21,26.110000610351562,1.6507936545780726
243,43b91da7-0be5-493a-bec5-ebd8d624a573,ZM_209,2018-07-23,M,C57BL/6J,Thy1-GCaMP6s,2018-10-10,23.549999237060547,1.6507936545780726
244,43b91da7-0be5-493a-bec5-ebd8d624a573,ZM_209,2018-07-23,M,C57BL/6J,Thy1-GCaMP6s,2018-10-02,23.059999465942383,1.6507936545780726
245,43b91da7-0be5-493a-bec5-ebd8d624a573,ZM_209,2018-07-23,M,C57BL/6J,Thy1-GCaMP6s,2018-10-22,23.290000915527344,1.6507936545780726
246,43b91da7-0be5-493a-bec5-ebd8d624a573,ZM_209,2018-07-23,M,C57BL/6J,Thy1-GCaMP6s,2018-09-24,25.190000534057617,1.6507936545780726
247,43b91da7-0be5-493a-bec5-ebd8d624a573,ZM_209,2018-07-23,M,C57BL/6J,Thy1-GCaMP6s,2018-10-11,22.90999984741211,1.6507936545780726
248,43b91da7-0be5-493a-bec5-ebd8d624a573,ZM_209,2018-07-23,M,C57BL/6J,Thy1-GCaMP6s,2018-10-03,22.940000534057617,1.6507936545780726
249,43b91da7-0be5-493a-bec5-ebd8d624a573,ZM_209,2018-07-23,M,C57BL/6J,Thy1-GCaMP6s,2018-10-23,23.969999313354492,1.6507936545780726
250,43b91da7-0be5-493a-bec5-ebd8d624a573,ZM_209,2018-07-23,M,C57BL/6J,Thy1-GCaMP6s,2018-09-25,24.760000228881836,1.6507936545780726
251,43b91da7-0be5-493a-bec5-ebd8d624a573,ZM_209,2018-07-23,M,C57BL/6J,Thy1-GCaMP6s,2018-10-12,22.489999771118164,1.6507936545780726
252,43b91da7-0be5-493a-bec5-ebd8d624a573,ZM_209,2018-07-23,M,C57BL/6J,Thy1-GCaMP6s,2018-09-17,25.700000762939453,1.6507936545780726
253,43b91da7-0be5-493a-bec5-ebd8d624a573,ZM_209,2018-07-23,M,C57BL/6J,Thy1-GCaMP6s,2018-10-04,23.290000915527344,1.6507936545780726
254,43b91da7-0be5-493a-bec5-ebd8d624a573,ZM_209,2018-07-23,M,C57BL/6J,Thy1-GCaMP6s,2018-09-26,24.8799991607666,1.6507936545780726
255,43b91da7-0be5-493a-bec5-ebd8d624a573,ZM_209,2018-07-23,M,C57BL/6J,Thy1-GCaMP6s,2018-10-15,22.450000762939453,1.6507936545780726
256,43b91da7-0be5-493a-bec5-ebd8d624a573,ZM_209,2018-07-23,M,C57BL/6J,Thy1-GCaMP6s,2018-09-18,25.100000381469727,1.6507936545780726
257,43b91da7-0be5-493a-bec5-ebd8d624a573,ZM_209,2018-07-23,M,C57BL/6J,Thy1-GCaMP6s,2018-10-05,23.25,1.6507936545780726
258,43b91da7-0be5-493a-bec5-ebd8d624a573,ZM_209,2018-07-23,M,C57BL/6J,Thy1-GCaMP6s,2018-09-27,24.209999084472656,1.6507936545780726
259,43b91da7-0be5-493a-bec5-ebd8d624a573,ZM_209,2018-07-23,M,C57BL/6J,Thy1-GCaMP6s,2018-10-17,23.43000030517578,1.6507936545780726
260,704479d9-9375-4aaa-9e20-c304e0e8cb09,ZM_200,2018-07-22,M,C57BL/6J,Thy1-GCaMP6s,2018-09-27,27.0,2.750000011920929
261,704479d9-9375-4aaa-9e20-c304e0e8cb09,ZM_200,2018-07-22,M,C57BL/6J,Thy1-GCaMP6s,2018-10-17,28.299999237060547,2.750000011920929
262,704479d9-9375-4aaa-9e20-c304e0e8cb09,ZM_200,2018-07-22,M,C57BL/6J,Thy1-GCaMP6s,2018-09-19,26.25,2.750000011920929
263,704479d9-9375-4aaa-9e20-c304e0e8cb09,ZM_200,2018-07-22,M,C57BL/6J,Thy1-GCaMP6s,2018-10-08,26.350000381469727,2.750000011920929
264,704479d9-9375-4aaa-9e20-c304e0e8cb09,ZM_200,2018-07-22,M,C57BL/6J,Thy1-GCaMP6s,2018-09-28,26.799999237060547,2.750000011920929
265,704479d9-9375-4aaa-9e20-c304e0e8cb09,ZM_200,2018-07-22,M,C57BL/6J,Thy1-GCaMP6s,2018-10-18,27.889999389648438,2.750000011920929
266,704479d9-9375-4aaa-9e20-c304e0e8cb09,ZM_200,2018-07-22,M,C57BL/6J,Thy1-GCaMP6s,2018-09-20,26.09000015258789,2.750000011920929
267,704479d9-9375-4aaa-9e20-c304e0e8cb09,ZM_200,2018-07-22,M,C57BL/6J,Thy1-GCaMP6s,2018-10-09,26.540000915527344,2.750000011920929
268,704479d9-9375-4aaa-9e20-c304e0e8cb09,ZM_200,2018-07-22,M,C57BL/6J,Thy1-GCaMP6s,2018-10-01,25.549999237060547,2.750000011920929
269,704479d9-9375-4aaa-9e20-c304e0e8cb09,ZM_200,2018-07-22,M,C57BL/6J,Thy1-GCaMP6s,2018-10-19,27.790000915527344,2.750000011920929
270,704479d9-9375-4aaa-9e20-c304e0e8cb09,ZM_200,2018-07-22,M,C57BL/6J,Thy1-GCaMP6s,2018-09-21,26.040000915527344,2.750000011920929
271,704479d9-9375-4aaa-9e20-c304e0e8cb09,ZM_200,2018-07-22,M,C57BL/6J,Thy1-GCaMP6s,2018-10-10,26.600000381469727,2.750000011920929
272,704479d9-9375-4aaa-9e20-c304e0e8cb09,ZM_200,2018-07-22,M,C57BL/6J,Thy1-GCaMP6s,2018-10-02,27.079999923706055,2.750000011920929
273,704479d9-9375-4aaa-9e20-c304e0e8cb09,ZM_200,2018-07-22,M,C57BL/6J,Thy1-GCaMP6s,2018-10-22,28.59000015258789,2.750000011920929
274,704479d9-9375-4aaa-9e20-c304e0e8cb09,ZM_200,2018-07-22,M,C57BL/6J,Thy1-GCaMP6s,2018-09-24,26.459999084472656,2.750000011920929
275,704479d9-9375-4aaa-9e20-c304e0e8cb09,ZM_200,2018-07-22,M,C57BL/6J,Thy1-GCaMP6s,2018-10-11,26.729999542236328,2.750000011920929
276,704479d9-9375-4aaa-9e20-c304e0e8cb09,ZM_200,2018-07-22,M,C57BL/6J,Thy1-GCaMP6s,2018-10-03,27.1200008392334,2.750000011920929
277,704479d9-9375-4aaa-9e20-c304e0e8cb09,ZM_200,2018-07-22,M,C57BL/6J,Thy1-GCaMP6s,2018-10-23,29.049999237060547,2.750000011920929
278,704479d9-9375-4aaa-9e20-c304e0e8cb09,ZM_200,2018-07-22,M,C57BL/6J,Thy1-GCaMP6s,2018-09-25,26.639999389648438,2.750000011920929
279,704479d9-9375-4aaa-9e20-c304e0e8cb09,ZM_200,2018-07-22,M,C57BL/6J,Thy1-GCaMP6s,2018-10-12,27.760000228881836,2.750000011920929
280,704479d9-9375-4aaa-9e20-c304e0e8cb09,ZM_200,2018-07-22,M,C57BL/6J,Thy1-GCaMP6s,2018-09-17,26.059999465942383,2.750000011920929
281,704479d9-9375-4aaa-9e20-c304e0e8cb09,ZM_200,2018-07-22,M,C57BL/6J,Thy1-GCaMP6s,2018-10-04,26.719999313354492,2.750000011920929
282,704479d9-9375-4aaa-9e20-c304e0e8cb09,ZM_200,2018-07-22,M,C57BL/6J,Thy1-GCaMP6s,2018-09-26,27.299999237060547,2.750000011920929
283,704479d9-9375-4aaa-9e20-c304e0e8cb09,ZM_200,2018-07-22,M,C57BL/6J,Thy1-GCaMP6s,2018-10-15,28.43000030517578,2.750000011920929
284,704479d9-9375-4aaa-9e20-c304e0e8cb09,ZM_200,2018-07-22,M,C57BL/6J,Thy1-GCaMP6s,2018-09-18,26.510000228881836,2.750000011920929
285,704479d9-9375-4aaa-9e20-c304e0e8cb09,ZM_200,2018-07-22,M,C57BL/6J,Thy1-GCaMP6s,2018-10-05,27.110000610351562,2.750000011920929
286,76f99b7a-94e6-41d4-8e2d-6bdd7b1478c3,ZM_335,2018-08-08,M,C57BL/6J,Thy1-GCaMP6s,2018-10-05,21.84000015258789,2.9620203730408794
287,76f99b7a-94e6-41d4-8e2d-6bdd7b1478c3,ZM_335,2018-08-08,M,C57BL/6J,Thy1-GCaMP6s,2018-09-27,20.209999084472656,2.9620203730408794
288,76f99b7a-94e6-41d4-8e2d-6bdd7b1478c3,ZM_335,2018-08-08,M,C57BL/6J,Thy1-GCaMP6s,2018-10-17,23.350000381469727,2.9620203730408794
289,76f99b7a-94e6-41d4-8e2d-6bdd7b1478c3,ZM_335,2018-08-08,M,C57BL/6J,Thy1-GCaMP6s,2018-09-19,17.959999084472656,2.9620203730408794
290,76f99b7a-94e6-41d4-8e2d-6bdd7b1478c3,ZM_335,2018-08-08,M,C57BL/6J,Thy1-GCaMP6s,2018-10-08,22.06999969482422,2.9620203730408794
291,76f99b7a-94e6-41d4-8e2d-6bdd7b1478c3,ZM_335,2018-08-08,M,C57BL/6J,Thy1-GCaMP6s,2018-09-28,20.59000015258789,2.9620203730408794
292,76f99b7a-94e6-41d4-8e2d-6bdd7b1478c3,ZM_335,2018-08-08,M,C57BL/6J,Thy1-GCaMP6s,2018-10-18,24.18000030517578,2.9620203730408794
293,76f99b7a-94e6-41d4-8e2d-6bdd7b1478c3,ZM_335,2018-08-08,M,C57BL/6J,Thy1-GCaMP6s,2018-09-20,18.959999084472656,2.9620203730408794
294,76f99b7a-94e6-41d4-8e2d-6bdd7b1478c3,ZM_335,2018-08-08,M,C57BL/6J,Thy1-GCaMP6s,2018-10-09,22.1200008392334,2.9620203730408794
295,76f99b7a-94e6-41d4-8e2d-6bdd7b1478c3,ZM_335,2018-08-08,M,C57BL/6J,Thy1-GCaMP6s,2018-10-01,21.239999771118164,2.9620203730408794
296,76f99b7a-94e6-41d4-8e2d-6bdd7b1478c3,ZM_335,2018-08-08,M,C57BL/6J,Thy1-GCaMP6s,2018-10-19,23.639999389648438,2.9620203730408794
297,76f99b7a-94e6-41d4-8e2d-6bdd7b1478c3,ZM_335,2018-08-08,M,C57BL/6J,Thy1-GCaMP6s,2018-09-21,19.65999984741211,2.9620203730408794
298,76f99b7a-94e6-41d4-8e2d-6bdd7b1478c3,ZM_335,2018-08-08,M,C57BL/6J,Thy1-GCaMP6s,2018-10-10,22.84000015258789,2.9620203730408794
299,76f99b7a-94e6-41d4-8e2d-6bdd7b1478c3,ZM_335,2018-08-08,M,C57BL/6J,Thy1-GCaMP6s,2018-10-02,21.06999969482422,2.9620203730408794
300,76f99b7a-94e6-41d4-8e2d-6bdd7b1478c3,ZM_335,2018-08-08,M,C57BL/6J,Thy1-GCaMP6s,2018-10-22,24.190000534057617,2.9620203730408794
301,76f99b7a-94e6-41d4-8e2d-6bdd7b1478c3,ZM_335,2018-08-08,M,C57BL/6J,Thy1-GCaMP6s,2018-09-24,20.649999618530273,2.9620203730408794
302,76f99b7a-94e6-41d4-8e2d-6bdd7b1478c3,ZM_335,2018-08-08,M,C57BL/6J,Thy1-GCaMP6s,2018-10-11,23.600000381469727,2.9620203730408794
303,76f99b7a-94e6-41d4-8e2d-6bdd7b1478c3,ZM_335,2018-08-08,M,C57BL/6J,Thy1-GCaMP6s,2018-10-03,21.15999984741211,2.9620203730408794
304,76f99b7a-94e6-41d4-8e2d-6bdd7b1478c3,ZM_335,2018-08-08,M,C57BL/6J,Thy1-GCaMP6s,2018-10-23,24.329999923706055,2.9620203730408794
305,76f99b7a-94e6-41d4-8e2d-6bdd7b1478c3,ZM_335,2018-08-08,M,C57BL/6J,Thy1-GCaMP6s,2018-09-25,20.389999389648438,2.9620203730408794
306,76f99b7a-94e6-41d4-8e2d-6bdd7b1478c3,ZM_335,2018-08-08,M,C57BL/6J,Thy1-GCaMP6s,2018-10-12,22.770000457763672,2.9620203730408794
307,76f99b7a-94e6-41d4-8e2d-6bdd7b1478c3,ZM_335,2018-08-08,M,C57BL/6J,Thy1-GCaMP6s,2018-09-17,18.030000686645508,2.9620203730408794
308,76f99b7a-94e6-41d4-8e2d-6bdd7b1478c3,ZM_335,2018-08-08,M,C57BL/6J,Thy1-GCaMP6s,2018-10-04,21.18000030517578,2.9620203730408794
309,76f99b7a-94e6-41d4-8e2d-6bdd7b1478c3,ZM_335,2018-08-08,M,C57BL/6J,Thy1-GCaMP6s,2018-09-26,19.8799991607666,2.9620203730408794
310,76f99b7a-94e6-41d4-8e2d-6bdd7b1478c3,ZM_335,2018-08-08,M,C57BL/6J,Thy1-GCaMP6s,2018-10-15,23.479999542236328,2.9620203730408794
311,76f99b7a-94e6-41d4-8e2d-6bdd7b1478c3,ZM_335,2018-08-08,M,C57BL/6J,Thy1-GCaMP6s,2018-09-18,18.020000457763672,2.9620203730408794
312,99758296-c09d-48e5-bbfd-dd372322c724,ZM_205,2018-07-23,M,C57BL/6J,Thy1-GCaMP6s,2018-10-15,28.3700008392334,2.642857142857143
313,99758296-c09d-48e5-bbfd-dd372322c724,ZM_205,2018-07-23,M,C57BL/6J,Thy1-GCaMP6s,2018-09-18,26.040000915527344,2.642857142857143
314,99758296-c09d-48e5-bbfd-dd372322c724,ZM_205,2018-07-23,M,C57BL/6J,Thy1-GCaMP6s,2018-10-05,27.299999237060547,2.642857142857143
315,99758296-c09d-48e5-bbfd-dd372322c724,ZM_205,2018-07-23,M,C57BL/6J,Thy1-GCaMP6s,2018-09-27,26.719999313354492,2.642857142857143
316,99758296-c09d-48e5-bbfd-dd372322c724,ZM_205,2018-07-23,M,C57BL/6J,Thy1-GCaMP6s,2018-10-17,28.6299991607666,2.642857142857143
317,99758296-c09d-48e5-bbfd-dd372322c724,ZM_205,2018-07-23,M,C57BL/6J,Thy1-GCaMP6s,2018-09-19,26.540000915527344,2.642857142857143
318,99758296-c09d-48e5-bbfd-dd372322c724,ZM_205,2018-07-23,M,C57BL/6J,Thy1-GCaMP6s,2018-10-08,27.079999923706055,2.642857142857143
319,99758296-c09d-48e5-bbfd-dd372322c724,ZM_205,2018-07-23,M,C57BL/6J,Thy1-GCaMP6s,2018-09-28,26.84000015258789,2.642857142857143
320,99758296-c09d-48e5-bbfd-dd372322c724,ZM_205,2018-07-23,M,C57BL/6J,Thy1-GCaMP6s,2018-10-18,29.100000381469727,2.642857142857143
321,99758296-c09d-48e5-bbfd-dd372322c724,ZM_205,2018-07-23,M,C57BL/6J,Thy1-GCaMP6s,2018-09-20,25.979999542236328,2.642857142857143
322,99758296-c09d-48e5-bbfd-dd372322c724,ZM_205,2018-07-23,M,C57BL/6J,Thy1-GCaMP6s,2018-10-09,27.6200008392334,2.642857142857143
323,99758296-c09d-48e5-bbfd-dd372322c724,ZM_205,2018-07-23,M,C57BL/6J,Thy1-GCaMP6s,2018-10-01,27.40999984741211,2.642857142857143
324,99758296-c09d-48e5-bbfd-dd372322c724,ZM_205,2018-07-23,M,C57BL/6J,Thy1-GCaMP6s,2018-10-19,29.0,2.642857142857143
325,99758296-c09d-48e5-bbfd-dd372322c724,ZM_205,2018-07-23,M,C57BL/6J,Thy1-GCaMP6s,2018-09-21,26.649999618530273,2.642857142857143
326,99758296-c09d-48e5-bbfd-dd372322c724,ZM_205,2018-07-23,M,C57BL/6J,Thy1-GCaMP6s,2018-10-10,26.600000381469727,2.642857142857143
327,99758296-c09d-48e5-bbfd-dd372322c724,ZM_205,2018-07-23,M,C57BL/6J,Thy1-GCaMP6s,2018-10-02,27.280000686645508,2.642857142857143
328,99758296-c09d-48e5-bbfd-dd372322c724,ZM_205,2018-07-23,M,C57BL/6J,Thy1-GCaMP6s,2018-10-22,29.1299991607666,2.642857142857143
329,99758296-c09d-48e5-bbfd-dd372322c724,ZM_205,2018-07-23,M,C57BL/6J,Thy1-GCaMP6s,2018-09-24,26.40999984741211,2.642857142857143
330,99758296-c09d-48e5-bbfd-dd372322c724,ZM_205,2018-07-23,M,C57BL/6J,Thy1-GCaMP6s,2018-10-11,27.360000610351562,2.642857142857143
331,99758296-c09d-48e5-bbfd-dd372322c724,ZM_205,2018-07-23,M,C57BL/6J,Thy1-GCaMP6s,2018-10-03,27.290000915527344,2.642857142857143
332,99758296-c09d-48e5-bbfd-dd372322c724,ZM_205,2018-07-23,M,C57BL/6J,Thy1-GCaMP6s,2018-10-23,29.1299991607666,2.642857142857143
333,99758296-c09d-48e5-bbfd-dd372322c724,ZM_205,2018-07-23,M,C57BL/6J,Thy1-GCaMP6s,2018-09-25,25.649999618530273,2.642857142857143
334,99758296-c09d-48e5-bbfd-dd372322c724,ZM_205,2018-07-23,M,C57BL/6J,Thy1-GCaMP6s,2018-10-12,27.579999923706055,2.642857142857143
335,99758296-c09d-48e5-bbfd-dd372322c724,ZM_205,2018-07-23,M,C57BL/6J,Thy1-GCaMP6s,2018-09-17,26.139999389648438,2.642857142857143
336,99758296-c09d-48e5-bbfd-dd372322c724,ZM_205,2018-07-23,M,C57BL/6J,Thy1-GCaMP6s,2018-10-04,26.81999969482422,2.642857142857143
337,99758296-c09d-48e5-bbfd-dd372322c724,ZM_205,2018-07-23,M,C57BL/6J,Thy1-GCaMP6s,2018-09-26,26.530000686645508,2.642857142857143
338,ae348d98-4f39-49e5-8c54-82588552d938,ZM_337,2018-08-08,M,C57BL/6J,Thy1-GCaMP6s,2018-09-26,20.850000381469727,0.6800000190734863
339,ae348d98-4f39-49e5-8c54-82588552d938,ZM_337,2018-08-08,M,C57BL/6J,Thy1-GCaMP6s,2018-10-15,23.5,0.6800000190734863
340,ae348d98-4f39-49e5-8c54-82588552d938,ZM_337,2018-08-08,M,C57BL/6J,Thy1-GCaMP6s,2018-09-18,21.31999969482422,0.6800000190734863
341,ae348d98-4f39-49e5-8c54-82588552d938,ZM_337,2018-08-08,M,C57BL/6J,Thy1-GCaMP6s,2018-10-05,22.06999969482422,0.6800000190734863
342,ae348d98-4f39-49e5-8c54-82588552d938,ZM_337,2018-08-08,M,C57BL/6J,Thy1-GCaMP6s,2018-09-27,20.829999923706055,0.6800000190734863
343,ae348d98-4f39-49e5-8c54-82588552d938,ZM_337,2018-08-08,M,C57BL/6J,Thy1-GCaMP6s,2018-10-17,23.719999313354492,0.6800000190734863
344,ae348d98-4f39-49e5-8c54-82588552d938,ZM_337,2018-08-08,M,C57BL/6J,Thy1-GCaMP6s,2018-09-19,21.68000030517578,0.6800000190734863
345,ae348d98-4f39-49e5-8c54-82588552d938,ZM_337,2018-08-08,M,C57BL/6J,Thy1-GCaMP6s,2018-10-08,22.149999618530273,0.6800000190734863
346,ae348d98-4f39-49e5-8c54-82588552d938,ZM_337,2018-08-08,M,C57BL/6J,Thy1-GCaMP6s,2018-09-28,20.829999923706055,0.6800000190734863
347,ae348d98-4f39-49e5-8c54-82588552d938,ZM_337,2018-08-08,M,C57BL/6J,Thy1-GCaMP6s,2018-10-18,24.100000381469727,0.6800000190734863
348,ae348d98-4f39-49e5-8c54-82588552d938,ZM_337,2018-08-08,M,C57BL/6J,Thy1-GCaMP6s,2018-09-20,21.780000686645508,0.6800000190734863
349,ae348d98-4f39-49e5-8c54-82588552d938,ZM_337,2018-08-08,M,C57BL/6J,Thy1-GCaMP6s,2018-10-09,22.450000762939453,0.6800000190734863
350,ae348d98-4f39-49e5-8c54-82588552d938,ZM_337,2018-08-08,M,C57BL/6J,Thy1-GCaMP6s,2018-10-01,21.200000762939453,0.6800000190734863
351,ae348d98-4f39-49e5-8c54-82588552d938,ZM_337,2018-08-08,M,C57BL/6J,Thy1-GCaMP6s,2018-10-19,24.56999969482422,0.6800000190734863
352,ae348d98-4f39-49e5-8c54-82588552d938,ZM_337,2018-08-08,M,C57BL/6J,Thy1-GCaMP6s,2018-09-21,22.399999618530273,0.6800000190734863
353,ae348d98-4f39-49e5-8c54-82588552d938,ZM_337,2018-08-08,M,C57BL/6J,Thy1-GCaMP6s,2018-10-10,22.579999923706055,0.6800000190734863
354,ae348d98-4f39-49e5-8c54-82588552d938,ZM_337,2018-08-08,M,C57BL/6J,Thy1-GCaMP6s,2018-10-02,21.239999771118164,0.6800000190734863
355,ae348d98-4f39-49e5-8c54-82588552d938,ZM_337,2018-08-08,M,C57BL/6J,Thy1-GCaMP6s,2018-10-22,24.829999923706055,0.6800000190734863
356,ae348d98-4f39-49e5-8c54-82588552d938,ZM_337,2018-08-08,M,C57BL/6J,Thy1-GCaMP6s,2018-09-24,22.399999618530273,0.6800000190734863
357,ae348d98-4f39-49e5-8c54-82588552d938,ZM_337,2018-08-08,M,C57BL/6J,Thy1-GCaMP6s,2018-10-11,22.950000762939453,0.6800000190734863
358,ae348d98-4f39-49e5-8c54-82588552d938,ZM_337,2018-08-08,M,C57BL/6J,Thy1-GCaMP6s,2018-10-03,21.600000381469727,0.6800000190734863
359,ae348d98-4f39-49e5-8c54-82588552d938,ZM_337,2018-08-08,M,C57BL/6J,Thy1-GCaMP6s,2018-10-23,24.860000610351562,0.6800000190734863
360,ae348d98-4f39-49e5-8c54-82588552d938,ZM_337,2018-08-08,M,C57BL/6J,Thy1-GCaMP6s,2018-09-25,21.200000762939453,0.6800000190734863
361,ae348d98-4f39-49e5-8c54-82588552d938,ZM_337,2018-08-08,M,C57BL/6J,Thy1-GCaMP6s,2018-10-12,23.040000915527344,0.6800000190734863
362,ae348d98-4f39-49e5-8c54-82588552d938,ZM_337,2018-08-08,M,C57BL/6J,Thy1-GCaMP6s,2018-09-17,21.709999084472656,0.6800000190734863
363,ae348d98-4f39-49e5-8c54-82588552d938,ZM_337,2018-08-08,M,C57BL/6J,Thy1-GCaMP6s,2018-10-04,21.3700008392334,0.6800000190734863
364,b00ab20e-27fd-4cf5-93a6-f7b852370c86,ZM_203,2018-07-22,F,C57BL/6J,Thy1-GCaMP6s,2018-09-17,20.149999618530273,0.901500004529953
365,b00ab20e-27fd-4cf5-93a6-f7b852370c86,ZM_203,2018-07-22,F,C57BL/6J,Thy1-GCaMP6s,2018-10-04,19.020000457763672,0.901500004529953
366,b00ab20e-27fd-4cf5-93a6-f7b852370c86,ZM_203,2018-07-22,F,C57BL/6J,Thy1-GCaMP6s,2018-09-26,18.649999618530273,0.901500004529953
367,b00ab20e-27fd-4cf5-93a6-f7b852370c86,ZM_203,2018-07-22,F,C57BL/6J,Thy1-GCaMP6s,2018-10-15,20.079999923706055,0.901500004529953
368,b00ab20e-27fd-4cf5-93a6-f7b852370c86,ZM_203,2018-07-22,F,C57BL/6J,Thy1-GCaMP6s,2018-09-18,20.34000015258789,0.901500004529953
369,b00ab20e-27fd-4cf5-93a6-f7b852370c86,ZM_203,2018-07-22,F,C57BL/6J,Thy1-GCaMP6s,2018-10-05,19.809999465942383,0.901500004529953
370,b00ab20e-27fd-4cf5-93a6-f7b852370c86,ZM_203,2018-07-22,F,C57BL/6J,Thy1-GCaMP6s,2018-09-27,18.520000457763672,0.901500004529953
371,b00ab20e-27fd-4cf5-93a6-f7b852370c86,ZM_203,2018-07-22,F,C57BL/6J,Thy1-GCaMP6s,2018-10-17,20.25,0.901500004529953
372,b00ab20e-27fd-4cf5-93a6-f7b852370c86,ZM_203,2018-07-22,F,C57BL/6J,Thy1-GCaMP6s,2018-09-19,20.479999542236328,0.901500004529953
373,b00ab20e-27fd-4cf5-93a6-f7b852370c86,ZM_203,2018-07-22,F,C57BL/6J,Thy1-GCaMP6s,2018-10-08,19.520000457763672,0.901500004529953
374,b00ab20e-27fd-4cf5-93a6-f7b852370c86,ZM_203,2018-07-22,F,C57BL/6J,Thy1-GCaMP6s,2018-09-28,18.56999969482422,0.901500004529953
375,b00ab20e-27fd-4cf5-93a6-f7b852370c86,ZM_203,2018-07-22,F,C57BL/6J,Thy1-GCaMP6s,2018-10-18,20.280000686645508,0.901500004529953
376,b00ab20e-27fd-4cf5-93a6-f7b852370c86,ZM_203,2018-07-22,F,C57BL/6J,Thy1-GCaMP6s,2018-09-20,19.969999313354492,0.901500004529953
377,b00ab20e-27fd-4cf5-93a6-f7b852370c86,ZM_203,2018-07-22,F,C57BL/6J,Thy1-GCaMP6s,2018-10-09,19.799999237060547,0.901500004529953
378,b00ab20e-27fd-4cf5-93a6-f7b852370c86,ZM_203,2018-07-22,F,C57BL/6J,Thy1-GCaMP6s,2018-10-01,18.770000457763672,0.901500004529953
379,b00ab20e-27fd-4cf5-93a6-f7b852370c86,ZM_203,2018-07-22,F,C57BL/6J,Thy1-GCaMP6s,2018-10-19,20.6200008392334,0.901500004529953
380,b00ab20e-27fd-4cf5-93a6-f7b852370c86,ZM_203,2018-07-22,F,C57BL/6J,Thy1-GCaMP6s,2018-09-21,20.030000686645508,0.901500004529953
381,b00ab20e-27fd-4cf5-93a6-f7b852370c86,ZM_203,2018-07-22,F,C57BL/6J,Thy1-GCaMP6s,2018-10-10,19.600000381469727,0.901500004529953
382,b00ab20e-27fd-4cf5-93a6-f7b852370c86,ZM_203,2018-07-22,F,C57BL/6J,Thy1-GCaMP6s,2018-10-02,18.81999969482422,0.901500004529953
383,b00ab20e-27fd-4cf5-93a6-f7b852370c86,ZM_203,2018-07-22,F,C57BL/6J,Thy1-GCaMP6s,2018-10-22,20.670000076293945,0.901500004529953
384,b00ab20e-27fd-4cf5-93a6-f7b852370c86,ZM_203,2018-07-22,F,C57BL/6J,Thy1-GCaMP6s,2018-09-24,20.149999618530273,0.901500004529953
385,b00ab20e-27fd-4cf5-93a6-f7b852370c86,ZM_203,2018-07-22,F,C57BL/6J,Thy1-GCaMP6s,2018-10-11,20.079999923706055,0.901500004529953
386,b00ab20e-27fd-4cf5-93a6-f7b852370c86,ZM_203,2018-07-22,F,C57BL/6J,Thy1-GCaMP6s,2018-10-03,19.1200008392334,0.901500004529953
387,b00ab20e-27fd-4cf5-93a6-f7b852370c86,ZM_203,2018-07-22,F,C57BL/6J,Thy1-GCaMP6s,2018-10-23,20.399999618530273,0.901500004529953
388,b00ab20e-27fd-4cf5-93a6-f7b852370c86,ZM_203,2018-07-22,F,C57BL/6J,Thy1-GCaMP6s,2018-09-25,18.780000686645508,0.901500004529953
389,b00ab20e-27fd-4cf5-93a6-f7b852370c86,ZM_203,2018-07-22,F,C57BL/6J,Thy1-GCaMP6s,2018-10-12,20.170000076293945,0.901500004529953
390,c600bc40-2f6f-449f-99be-562f6fbe331e,ZM_210,2018-07-23,F,C57BL/6J,Thy1-GCaMP6s,2018-09-25,18.950000762939453,0.8665000021457672
391,c600bc40-2f6f-449f-99be-562f6fbe331e,ZM_210,2018-07-23,F,C57BL/6J,Thy1-GCaMP6s,2018-10-12,19.799999237060547,0.8665000021457672
392,c600bc40-2f6f-449f-99be-562f6fbe331e,ZM_210,2018-07-23,F,C57BL/6J,Thy1-GCaMP6s,2018-09-17,19.420000076293945,0.8665000021457672
393,c600bc40-2f6f-449f-99be-562f6fbe331e,ZM_210,2018-07-23,F,C57BL/6J,Thy1-GCaMP6s,2018-10-04,18.540000915527344,0.8665000021457672
394,c600bc40-2f6f-449f-99be-562f6fbe331e,ZM_210,2018-07-23,F,C57BL/6J,Thy1-GCaMP6s,2018-09-26,18.350000381469727,0.8665000021457672
395,c600bc40-2f6f-449f-99be-562f6fbe331e,ZM_210,2018-07-23,F,C57BL/6J,Thy1-GCaMP6s,2018-10-15,19.809999465942383,0.8665000021457672
396,c600bc40-2f6f-449f-99be-562f6fbe331e,ZM_210,2018-07-23,F,C57BL/6J,Thy1-GCaMP6s,2018-09-18,19.219999313354492,0.8665000021457672
397,c600bc40-2f6f-449f-99be-562f6fbe331e,ZM_210,2018-07-23,F,C57BL/6J,Thy1-GCaMP6s,2018-10-05,19.229999542236328,0.8665000021457672
398,c600bc40-2f6f-449f-99be-562f6fbe331e,ZM_210,2018-07-23,F,C57BL/6J,Thy1-GCaMP6s,2018-09-27,18.139999389648438,0.8665000021457672
399,c600bc40-2f6f-449f-99be-562f6fbe331e,ZM_210,2018-07-23,F,C57BL/6J,Thy1-GCaMP6s,2018-10-17,19.780000686645508,0.8665000021457672
400,c600bc40-2f6f-449f-99be-562f6fbe331e,ZM_210,2018-07-23,F,C57BL/6J,Thy1-GCaMP6s,2018-09-19,19.860000610351562,0.8665000021457672
401,c600bc40-2f6f-449f-99be-562f6fbe331e,ZM_210,2018-07-23,F,C57BL/6J,Thy1-GCaMP6s,2018-10-08,19.229999542236328,0.8665000021457672
402,c600bc40-2f6f-449f-99be-562f6fbe331e,ZM_210,2018-07-23,F,C57BL/6J,Thy1-GCaMP6s,2018-09-28,17.989999771118164,0.8665000021457672
403,c600bc40-2f6f-449f-99be-562f6fbe331e,ZM_210,2018-07-23,F,C57BL/6J,Thy1-GCaMP6s,2018-10-18,20.09000015258789,0.8665000021457672
404,c600bc40-2f6f-449f-99be-562f6fbe331e,ZM_210,2018-07-23,F,C57BL/6J,Thy1-GCaMP6s,2018-09-20,19.950000762939453,0.8665000021457672
405,c600bc40-2f6f-449f-99be-562f6fbe331e,ZM_210,2018-07-23,F,C57BL/6J,Thy1-GCaMP6s,2018-10-09,19.299999237060547,0.8665000021457672
406,c600bc40-2f6f-449f-99be-562f6fbe331e,ZM_210,2018-07-23,F,C57BL/6J,Thy1-GCaMP6s,2018-10-01,18.459999084472656,0.8665000021457672
407,c600bc40-2f6f-449f-99be-562f6fbe331e,ZM_210,2018-07-23,F,C57BL/6J,Thy1-GCaMP6s,2018-10-19,20.100000381469727,0.8665000021457672
408,c600bc40-2f6f-449f-99be-562f6fbe331e,ZM_210,2018-07-23,F,C57BL/6J,Thy1-GCaMP6s,2018-09-21,20.09000015258789,0.8665000021457672
409,c600bc40-2f6f-449f-99be-562f6fbe331e,ZM_210,2018-07-23,F,C57BL/6J,Thy1-GCaMP6s,2018-10-10,19.200000762939453,0.8665000021457672
410,c600bc40-2f6f-449f-99be-562f6fbe331e,ZM_210,2018-07-23,F,C57BL/6J,Thy1-GCaMP6s,2018-10-02,18.75,0.8665000021457672
411,c600bc40-2f6f-449f-99be-562f6fbe331e,ZM_210,2018-07-23,F,C57BL/6J,Thy1-GCaMP6s,2018-10-22,20.479999542236328,0.8665000021457672
412,c600bc40-2f6f-449f-99be-562f6fbe331e,ZM_210,2018-07-23,F,C57BL/6J,Thy1-GCaMP6s,2018-09-24,20.25,0.8665000021457672
413,c600bc40-2f6f-449f-99be-562f6fbe331e,ZM_210,2018-07-23,F,C57BL/6J,Thy1-GCaMP6s,2018-10-11,19.530000686645508,0.8665000021457672
414,c600bc40-2f6f-449f-99be-562f6fbe331e,ZM_210,2018-07-23,F,C57BL/6J,Thy1-GCaMP6s,2018-10-03,18.920000076293945,0.8665000021457672
415,c600bc40-2f6f-449f-99be-562f6fbe331e,ZM_210,2018-07-23,F,C57BL/6J,Thy1-GCaMP6s,2018-10-23,20.40999984741211,0.8665000021457672
416,f8f2ec95-bc15-4c72-bf93-74185cbd049f,ZM_338,2018-08-08,M,C57BL/6J,Thy1-GCaMP6s,2018-10-03,19.479999542236328,0.8879999935626983
417,f8f2ec95-bc15-4c72-bf93-74185cbd049f,ZM_338,2018-08-08,M,C57BL/6J,Thy1-GCaMP6s,2018-10-23,20.809999465942383,0.8879999935626983
418,f8f2ec95-bc15-4c72-bf93-74185cbd049f,ZM_338,2018-08-08,M,C57BL/6J,Thy1-GCaMP6s,2018-09-25,19.350000381469727,0.8879999935626983
419,f8f2ec95-bc15-4c72-bf93-74185cbd049f,ZM_338,2018-08-08,M,C57BL/6J,Thy1-GCaMP6s,2018-10-12,19.700000762939453,0.8879999935626983
420,f8f2ec95-bc15-4c72-bf93-74185cbd049f,ZM_338,2018-08-08,M,C57BL/6J,Thy1-GCaMP6s,2018-09-17,19.68000030517578,0.8879999935626983
421,f8f2ec95-bc15-4c72-bf93-74185cbd049f,ZM_338,2018-08-08,M,C57BL/6J,Thy1-GCaMP6s,2018-10-04,19.309999465942383,0.8879999935626983
422,f8f2ec95-bc15-4c72-bf93-74185cbd049f,ZM_338,2018-08-08,M,C57BL/6J,Thy1-GCaMP6s,2018-09-26,19.239999771118164,0.8879999935626983
423,f8f2ec95-bc15-4c72-bf93-74185cbd049f,ZM_338,2018-08-08,M,C57BL/6J,Thy1-GCaMP6s,2018-10-15,19.790000915527344,0.8879999935626983
424,f8f2ec95-bc15-4c72-bf93-74185cbd049f,ZM_338,2018-08-08,M,C57BL/6J,Thy1-GCaMP6s,2018-09-18,19.739999771118164,0.8879999935626983
425,f8f2ec95-bc15-4c72-bf93-74185cbd049f,ZM_338,2018-08-08,M,C57BL/6J,Thy1-GCaMP6s,2018-10-05,19.31999969482422,0.8879999935626983
426,f8f2ec95-bc15-4c72-bf93-74185cbd049f,ZM_338,2018-08-08,M,C57BL/6J,Thy1-GCaMP6s,2018-09-27,19.219999313354492,0.8879999935626983
427,f8f2ec95-bc15-4c72-bf93-74185cbd049f,ZM_338,2018-08-08,M,C57BL/6J,Thy1-GCaMP6s,2018-10-17,20.170000076293945,0.8879999935626983
428,f8f2ec95-bc15-4c72-bf93-74185cbd049f,ZM_338,2018-08-08,M,C57BL/6J,Thy1-GCaMP6s,2018-09-19,19.829999923706055,0.8879999935626983
429,f8f2ec95-bc15-4c72-bf93-74185cbd049f,ZM_338,2018-08-08,M,C57BL/6J,Thy1-GCaMP6s,2018-10-08,19.149999618530273,0.8879999935626983
430,f8f2ec95-bc15-4c72-bf93-74185cbd049f,ZM_338,2018-08-08,M,C57BL/6J,Thy1-GCaMP6s,2018-09-28,19.09000015258789,0.8879999935626983
431,f8f2ec95-bc15-4c72-bf93-74185cbd049f,ZM_338,2018-08-08,M,C57BL/6J,Thy1-GCaMP6s,2018-10-18,20.579999923706055,0.8879999935626983
432,f8f2ec95-bc15-4c72-bf93-74185cbd049f,ZM_338,2018-08-08,M,C57BL/6J,Thy1-GCaMP6s,2018-09-20,19.969999313354492,0.8879999935626983
433,f8f2ec95-bc15-4c72-bf93-74185cbd049f,ZM_338,2018-08-08,M,C57BL/6J,Thy1-GCaMP6s,2018-10-09,19.309999465942383,0.8879999935626983
434,f8f2ec95-bc15-4c72-bf93-74185cbd049f,ZM_338,2018-08-08,M,C57BL/6J,Thy1-GCaMP6s,2018-10-01,19.030000686645508,0.8879999935626983
435,f8f2ec95-bc15-4c72-bf93-74185cbd049f,ZM_338,2018-08-08,M,C57BL/6J,Thy1-GCaMP6s,2018-10-19,20.809999465942383,0.8879999935626983
436,f8f2ec95-bc15-4c72-bf93-74185cbd049f,ZM_338,2018-08-08,M,C57BL/6J,Thy1-GCaMP6s,2018-09-21,20.8799991607666,0.8879999935626983
437,f8f2ec95-bc15-4c72-bf93-74185cbd049f,ZM_338,2018-08-08,M,C57BL/6J,Thy1-GCaMP6s,2018-10-10,19.469999313354492,0.8879999935626983
438,f8f2ec95-bc15-4c72-bf93-74185cbd049f,ZM_338,2018-08-08,M,C57BL/6J,Thy1-GCaMP6s,2018-10-02,19.049999237060547,0.8879999935626983
439,f8f2ec95-bc15-4c72-bf93-74185cbd049f,ZM_338,2018-08-08,M,C57BL/6J,Thy1-GCaMP6s,2018-10-22,20.719999313354492,0.8879999935626983
440,f8f2ec95-bc15-4c72-bf93-74185cbd049f,ZM_338,2018-08-08,M,C57BL/6J,Thy1-GCaMP6s,2018-09-24,20.31999969482422,0.8879999935626983
441,f8f2ec95-bc15-4c72-bf93-74185cbd049f,ZM_338,2018-08-08,M,C57BL/6J,Thy1-GCaMP6s,2018-10-11,19.719999313354492,0.8879999935626983
