,subject_uuid,subject_nickname,subject_birth_date,sex,subject_strain,subject_line,session_date,avg_weight
0,28e692f5-8357-4fd1-be11-22943c560006,CSHL060,2019-10-15,M,C57BL/6J,C57BL/6J,2020-03-04,26.0
1,28e692f5-8357-4fd1-be11-22943c560006,CSHL060,2019-10-15,M,C57BL/6J,C57BL/6J,2020-03-14,24.100000381469727
2,28e692f5-8357-4fd1-be11-22943c560006,CSHL060,2019-10-15,M,C57BL/6J,C57BL/6J,2020-02-24,26.059999465942383
3,28e692f5-8357-4fd1-be11-22943c560006,CSHL060,2019-10-15,M,C57BL/6J,C57BL/6J,2020-03-05,25.649999618530273
4,28e692f5-8357-4fd1-be11-22943c560006,CSHL060,2019-10-15,M,C57BL/6J,C57BL/6J,2020-03-15,24.190000534057617
5,28e692f5-8357-4fd1-be11-22943c560006,CSHL060,2019-10-15,M,C57BL/6J,C57BL/6J,2020-02-25,24.799999237060547
6,28e692f5-8357-4fd1-be11-22943c560006,CSHL060,2019-10-15,M,C57BL/6J,C57BL/6J,2020-03-06,25.100000381469727
7,28e692f5-8357-4fd1-be11-22943c560006,CSHL060,2019-10-15,M,C57BL/6J,C57BL/6J,2020-02-26,25.0
8,28e692f5-8357-4fd1-be11-22943c560006,CSHL060,2019-10-15,M,C57BL/6J,C57BL/6J,2020-03-09,26.299999237060547
9,28e692f5-8357-4fd1-be11-22943c560006,CSHL060,2019-10-15,M,C57BL/6J,C57BL/6J,2020-02-27,24.979999542236328
10,28e692f5-8357-4fd1-be11-22943c560006,CSHL060,2019-10-15,M,C57BL/6J,C57BL/6J,2020-03-10,24.5649995803833
11,28e692f5-8357-4fd1-be11-22943c560006,CSHL060,2019-10-15,M,C57BL/6J,C57BL/6J,2020-02-28,25.299999237060547
12,28e692f5-8357-4fd1-be11-22943c560006,CSHL060,2019-10-15,M,C57BL/6J,C57BL/6J,2020-03-11,25.46500015258789
13,28e692f5-8357-4fd1-be11-22943c560006,CSHL060,2019-10-15,M,C57BL/6J,C57BL/6J,2020-03-02,26.200000762939453
14,28e692f5-8357-4fd1-be11-22943c560006,CSHL060,2019-10-15,M,C57BL/6J,C57BL/6J,2020-03-12,25.299999237060547
15,28e692f5-8357-4fd1-be11-22943c560006,CSHL060,2019-10-15,M,C57BL/6J,C57BL/6J,2020-03-03,26.049999237060547
16,28e692f5-8357-4fd1-be11-22943c560006,CSHL060,2019-10-15,M,C57BL/6J,C57BL/6J,2020-03-13,24.5
17,29a27868-db95-4c6d-a1cc-7c9226f032a3,CSHL_019,2018-10-10,M,C57BL/6J,C57BL/6J,2020-03-03,24.1200008392334
18,29a27868-db95-4c6d-a1cc-7c9226f032a3,CSHL_019,2018-10-10,M,C57BL/6J,C57BL/6J,2020-03-11,21.899999618530273
19,29a27868-db95-4c6d-a1cc-7c9226f032a3,CSHL_019,2018-10-10,M,C57BL/6J,C57BL/6J,2020-03-04,23.239999771118164
20,29a27868-db95-4c6d-a1cc-7c9226f032a3,CSHL_019,2018-10-10,M,C57BL/6J,C57BL/6J,2020-03-12,23.09000015258789
21,29a27868-db95-4c6d-a1cc-7c9226f032a3,CSHL_019,2018-10-10,M,C57BL/6J,C57BL/6J,2020-02-24,25.959999084472656
22,29a27868-db95-4c6d-a1cc-7c9226f032a3,CSHL_019,2018-10-10,M,C57BL/6J,C57BL/6J,2020-03-05,23.299999237060547
23,29a27868-db95-4c6d-a1cc-7c9226f032a3,CSHL_019,2018-10-10,M,C57BL/6J,C57BL/6J,2020-03-13,22.8799991607666
24,29a27868-db95-4c6d-a1cc-7c9226f032a3,CSHL_019,2018-10-10,M,C57BL/6J,C57BL/6J,2020-02-25,24.760000228881836
25,29a27868-db95-4c6d-a1cc-7c9226f032a3,CSHL_019,2018-10-10,M,C57BL/6J,C57BL/6J,2020-03-06,23.100000381469727
26,29a27868-db95-4c6d-a1cc-7c9226f032a3,CSHL_019,2018-10-10,M,C57BL/6J,C57BL/6J,2020-03-14,23.280000686645508
27,29a27868-db95-4c6d-a1cc-7c9226f032a3,CSHL_019,2018-10-10,M,C57BL/6J,C57BL/6J,2020-02-26,24.010000228881836
28,29a27868-db95-4c6d-a1cc-7c9226f032a3,CSHL_019,2018-10-10,M,C57BL/6J,C57BL/6J,2020-03-07,23.200000762939453
29,29a27868-db95-4c6d-a1cc-7c9226f032a3,CSHL_019,2018-10-10,M,C57BL/6J,C57BL/6J,2020-02-27,23.739999771118164
30,29a27868-db95-4c6d-a1cc-7c9226f032a3,CSHL_019,2018-10-10,M,C57BL/6J,C57BL/6J,2020-03-08,22.3799991607666
31,29a27868-db95-4c6d-a1cc-7c9226f032a3,CSHL_019,2018-10-10,M,C57BL/6J,C57BL/6J,2020-02-28,23.8799991607666
32,29a27868-db95-4c6d-a1cc-7c9226f032a3,CSHL_019,2018-10-10,M,C57BL/6J,C57BL/6J,2020-03-09,21.920000076293945
33,29a27868-db95-4c6d-a1cc-7c9226f032a3,CSHL_019,2018-10-10,M,C57BL/6J,C57BL/6J,2020-03-02,25.559999465942383
34,29a27868-db95-4c6d-a1cc-7c9226f032a3,CSHL_019,2018-10-10,M,C57BL/6J,C57BL/6J,2020-03-10,22.639999389648438
35,2f657e9f-1844-441f-a0e5-7e1bf9fce2d7,CSHL073,2019-04-02,M,C57BL/6J,C57BL/6J,2020-02-28,35.77000045776367
36,2f657e9f-1844-441f-a0e5-7e1bf9fce2d7,CSHL073,2019-04-02,M,C57BL/6J,C57BL/6J,2020-03-09,29.510000228881836
37,2f657e9f-1844-441f-a0e5-7e1bf9fce2d7,CSHL073,2019-04-02,M,C57BL/6J,C57BL/6J,2020-03-17,29.149999618530273
38,2f657e9f-1844-441f-a0e5-7e1bf9fce2d7,CSHL073,2019-04-02,M,C57BL/6J,C57BL/6J,2020-03-02,35.790000915527344
39,2f657e9f-1844-441f-a0e5-7e1bf9fce2d7,CSHL073,2019-04-02,M,C57BL/6J,C57BL/6J,2020-03-10,29.309999465942383
40,2f657e9f-1844-441f-a0e5-7e1bf9fce2d7,CSHL073,2019-04-02,M,C57BL/6J,C57BL/6J,2020-03-18,29.270000457763672
41,2f657e9f-1844-441f-a0e5-7e1bf9fce2d7,CSHL073,2019-04-02,M,C57BL/6J,C57BL/6J,2020-03-03,33.099998474121094
42,2f657e9f-1844-441f-a0e5-7e1bf9fce2d7,CSHL073,2019-04-02,M,C57BL/6J,C57BL/6J,2020-03-11,29.09000015258789
43,2f657e9f-1844-441f-a0e5-7e1bf9fce2d7,CSHL073,2019-04-02,M,C57BL/6J,C57BL/6J,2020-03-04,31.540000915527344
44,2f657e9f-1844-441f-a0e5-7e1bf9fce2d7,CSHL073,2019-04-02,M,C57BL/6J,C57BL/6J,2020-03-12,28.989999771118164
45,2f657e9f-1844-441f-a0e5-7e1bf9fce2d7,CSHL073,2019-04-02,M,C57BL/6J,C57BL/6J,2020-02-24,35.720001220703125
46,2f657e9f-1844-441f-a0e5-7e1bf9fce2d7,CSHL073,2019-04-02,M,C57BL/6J,C57BL/6J,2020-03-05,31.299999237060547
47,2f657e9f-1844-441f-a0e5-7e1bf9fce2d7,CSHL073,2019-04-02,M,C57BL/6J,C57BL/6J,2020-03-13,31.600000381469727
48,2f657e9f-1844-441f-a0e5-7e1bf9fce2d7,CSHL073,2019-04-02,M,C57BL/6J,C57BL/6J,2020-02-25,35.220001220703125
49,2f657e9f-1844-441f-a0e5-7e1bf9fce2d7,CSHL073,2019-04-02,M,C57BL/6J,C57BL/6J,2020-03-06,31.559999465942383
50,2f657e9f-1844-441f-a0e5-7e1bf9fce2d7,CSHL073,2019-04-02,M,C57BL/6J,C57BL/6J,2020-03-14,28.790000915527344
51,2f657e9f-1844-441f-a0e5-7e1bf9fce2d7,CSHL073,2019-04-02,M,C57BL/6J,C57BL/6J,2020-02-26,36.099998474121094
52,2f657e9f-1844-441f-a0e5-7e1bf9fce2d7,CSHL073,2019-04-02,M,C57BL/6J,C57BL/6J,2020-03-07,28.440000534057617
53,2f657e9f-1844-441f-a0e5-7e1bf9fce2d7,CSHL073,2019-04-02,M,C57BL/6J,C57BL/6J,2020-03-15,28.829999923706055
54,2f657e9f-1844-441f-a0e5-7e1bf9fce2d7,CSHL073,2019-04-02,M,C57BL/6J,C57BL/6J,2020-02-27,35.2599983215332
55,2f657e9f-1844-441f-a0e5-7e1bf9fce2d7,CSHL073,2019-04-02,M,C57BL/6J,C57BL/6J,2020-03-08,29.049999237060547
56,2f657e9f-1844-441f-a0e5-7e1bf9fce2d7,CSHL073,2019-04-02,M,C57BL/6J,C57BL/6J,2020-03-16,28.479999542236328
57,364fc3a9-743e-4af2-a284-bf3bfc43c8c6,CSHL064,2019-08-13,M,C57BL/6J,C57BL/6J,2020-03-03,27.389999389648438
58,364fc3a9-743e-4af2-a284-bf3bfc43c8c6,CSHL064,2019-08-13,M,C57BL/6J,C57BL/6J,2020-03-11,28.700000762939453
59,364fc3a9-743e-4af2-a284-bf3bfc43c8c6,CSHL064,2019-08-13,M,C57BL/6J,C57BL/6J,2020-03-04,26.15999984741211
60,364fc3a9-743e-4af2-a284-bf3bfc43c8c6,CSHL064,2019-08-13,M,C57BL/6J,C57BL/6J,2020-03-12,28.90999984741211
61,364fc3a9-743e-4af2-a284-bf3bfc43c8c6,CSHL064,2019-08-13,M,C57BL/6J,C57BL/6J,2020-02-24,32.56999969482422
62,364fc3a9-743e-4af2-a284-bf3bfc43c8c6,CSHL064,2019-08-13,M,C57BL/6J,C57BL/6J,2020-03-05,26.09000015258789
63,364fc3a9-743e-4af2-a284-bf3bfc43c8c6,CSHL064,2019-08-13,M,C57BL/6J,C57BL/6J,2020-03-13,26.809999465942383
64,364fc3a9-743e-4af2-a284-bf3bfc43c8c6,CSHL064,2019-08-13,M,C57BL/6J,C57BL/6J,2020-02-25,32.36000061035156
65,364fc3a9-743e-4af2-a284-bf3bfc43c8c6,CSHL064,2019-08-13,M,C57BL/6J,C57BL/6J,2020-03-06,25.350000381469727
66,364fc3a9-743e-4af2-a284-bf3bfc43c8c6,CSHL064,2019-08-13,M,C57BL/6J,C57BL/6J,2020-02-26,33.900001525878906
67,364fc3a9-743e-4af2-a284-bf3bfc43c8c6,CSHL064,2019-08-13,M,C57BL/6J,C57BL/6J,2020-03-07,29.780000686645508
68,364fc3a9-743e-4af2-a284-bf3bfc43c8c6,CSHL064,2019-08-13,M,C57BL/6J,C57BL/6J,2020-02-27,32.52000045776367
69,364fc3a9-743e-4af2-a284-bf3bfc43c8c6,CSHL064,2019-08-13,M,C57BL/6J,C57BL/6J,2020-03-08,30.200000762939453
70,364fc3a9-743e-4af2-a284-bf3bfc43c8c6,CSHL064,2019-08-13,M,C57BL/6J,C57BL/6J,2020-02-28,32.470001220703125
71,364fc3a9-743e-4af2-a284-bf3bfc43c8c6,CSHL064,2019-08-13,M,C57BL/6J,C57BL/6J,2020-03-09,26.290000915527344
72,364fc3a9-743e-4af2-a284-bf3bfc43c8c6,CSHL064,2019-08-13,M,C57BL/6J,C57BL/6J,2020-03-02,33.619998931884766
73,364fc3a9-743e-4af2-a284-bf3bfc43c8c6,CSHL064,2019-08-13,M,C57BL/6J,C57BL/6J,2020-03-10,28.299999237060547
74,39cb5ecc-8e1a-40c9-b63c-ee4c522487ff,CSHL062,2019-08-13,M,C57BL/6J,C57BL/6J,2020-03-02,30.09000015258789
75,39cb5ecc-8e1a-40c9-b63c-ee4c522487ff,CSHL062,2019-08-13,M,C57BL/6J,C57BL/6J,2020-03-10,26.670000076293945
76,39cb5ecc-8e1a-40c9-b63c-ee4c522487ff,CSHL062,2019-08-13,M,C57BL/6J,C57BL/6J,2020-03-03,27.81999969482422
77,39cb5ecc-8e1a-40c9-b63c-ee4c522487ff,CSHL062,2019-08-13,M,C57BL/6J,C57BL/6J,2020-03-11,26.649999618530273
78,39cb5ecc-8e1a-40c9-b63c-ee4c522487ff,CSHL062,2019-08-13,M,C57BL/6J,C57BL/6J,2020-03-04,27.719999313354492
79,39cb5ecc-8e1a-40c9-b63c-ee4c522487ff,CSHL062,2019-08-13,M,C57BL/6J,C57BL/6J,2020-03-16,27.280000686645508
80,39cb5ecc-8e1a-40c9-b63c-ee4c522487ff,CSHL062,2019-08-13,M,C57BL/6J,C57BL/6J,2020-02-24,30.020000457763672
81,39cb5ecc-8e1a-40c9-b63c-ee4c522487ff,CSHL062,2019-08-13,M,C57BL/6J,C57BL/6J,2020-03-05,27.420000076293945
82,39cb5ecc-8e1a-40c9-b63c-ee4c522487ff,CSHL062,2019-08-13,M,C57BL/6J,C57BL/6J,2020-03-17,26.030000686645508
83,39cb5ecc-8e1a-40c9-b63c-ee4c522487ff,CSHL062,2019-08-13,M,C57BL/6J,C57BL/6J,2020-02-25,29.93000030517578
84,39cb5ecc-8e1a-40c9-b63c-ee4c522487ff,CSHL062,2019-08-13,M,C57BL/6J,C57BL/6J,2020-03-06,26.34000015258789
85,39cb5ecc-8e1a-40c9-b63c-ee4c522487ff,CSHL062,2019-08-13,M,C57BL/6J,C57BL/6J,2020-03-18,26.100000381469727
86,39cb5ecc-8e1a-40c9-b63c-ee4c522487ff,CSHL062,2019-08-13,M,C57BL/6J,C57BL/6J,2020-02-26,29.700000762939453
87,39cb5ecc-8e1a-40c9-b63c-ee4c522487ff,CSHL062,2019-08-13,M,C57BL/6J,C57BL/6J,2020-03-07,26.360000610351562
88,39cb5ecc-8e1a-40c9-b63c-ee4c522487ff,CSHL062,2019-08-13,M,C57BL/6J,C57BL/6J,2020-02-27,29.25
89,39cb5ecc-8e1a-40c9-b63c-ee4c522487ff,CSHL062,2019-08-13,M,C57BL/6J,C57BL/6J,2020-03-08,26.299999237060547
90,39cb5ecc-8e1a-40c9-b63c-ee4c522487ff,CSHL062,2019-08-13,M,C57BL/6J,C57BL/6J,2020-02-28,31.739999771118164
91,39cb5ecc-8e1a-40c9-b63c-ee4c522487ff,CSHL062,2019-08-13,M,C57BL/6J,C57BL/6J,2020-03-09,26.1200008392334
92,4a5fa869-d57e-4b67-8a6a-775f4f239d7b,CSHL022,2019-02-19,F,C57BL/6J,C57BL/6J,2020-02-27,21.6299991607666
93,4a5fa869-d57e-4b67-8a6a-775f4f239d7b,CSHL022,2019-02-19,F,C57BL/6J,C57BL/6J,2020-03-10,21.100000381469727
94,4a5fa869-d57e-4b67-8a6a-775f4f239d7b,CSHL022,2019-02-19,F,C57BL/6J,C57BL/6J,2020-02-28,20.520000457763672
95,4a5fa869-d57e-4b67-8a6a-775f4f239d7b,CSHL022,2019-02-19,F,C57BL/6J,C57BL/6J,2020-03-11,20.959999084472656
96,4a5fa869-d57e-4b67-8a6a-775f4f239d7b,CSHL022,2019-02-19,F,C57BL/6J,C57BL/6J,2020-03-02,21.93000030517578
97,4a5fa869-d57e-4b67-8a6a-775f4f239d7b,CSHL022,2019-02-19,F,C57BL/6J,C57BL/6J,2020-03-12,20.799999237060547
98,4a5fa869-d57e-4b67-8a6a-775f4f239d7b,CSHL022,2019-02-19,F,C57BL/6J,C57BL/6J,2020-03-03,21.200000762939453
99,4a5fa869-d57e-4b67-8a6a-775f4f239d7b,CSHL022,2019-02-19,F,C57BL/6J,C57BL/6J,2020-03-13,21.010000228881836
100,4a5fa869-d57e-4b67-8a6a-775f4f239d7b,CSHL022,2019-02-19,F,C57BL/6J,C57BL/6J,2020-03-04,21.040000915527344
101,4a5fa869-d57e-4b67-8a6a-775f4f239d7b,CSHL022,2019-02-19,F,C57BL/6J,C57BL/6J,2020-02-24,21.700000762939453
102,4a5fa869-d57e-4b67-8a6a-775f4f239d7b,CSHL022,2019-02-19,F,C57BL/6J,C57BL/6J,2020-03-05,21.1299991607666
103,4a5fa869-d57e-4b67-8a6a-775f4f239d7b,CSHL022,2019-02-19,F,C57BL/6J,C57BL/6J,2020-02-25,21.270000457763672
104,4a5fa869-d57e-4b67-8a6a-775f4f239d7b,CSHL022,2019-02-19,F,C57BL/6J,C57BL/6J,2020-03-06,20.940000534057617
105,4a5fa869-d57e-4b67-8a6a-775f4f239d7b,CSHL022,2019-02-19,F,C57BL/6J,C57BL/6J,2020-02-26,21.600000381469727
106,4a5fa869-d57e-4b67-8a6a-775f4f239d7b,CSHL022,2019-02-19,F,C57BL/6J,C57BL/6J,2020-03-09,20.610000610351562
107,4c662aec-bf19-447b-b101-640fd761d422,CSHL026,2019-02-19,F,C57BL/6J,C57BL/6J,2020-02-28,20.739999771118164
108,4c662aec-bf19-447b-b101-640fd761d422,CSHL026,2019-02-19,F,C57BL/6J,C57BL/6J,2020-03-11,21.450000762939453
109,4c662aec-bf19-447b-b101-640fd761d422,CSHL026,2019-02-19,F,C57BL/6J,C57BL/6J,2020-03-02,22.899999618530273
110,4c662aec-bf19-447b-b101-640fd761d422,CSHL026,2019-02-19,F,C57BL/6J,C57BL/6J,2020-03-12,22.030000686645508
111,4c662aec-bf19-447b-b101-640fd761d422,CSHL026,2019-02-19,F,C57BL/6J,C57BL/6J,2020-03-03,22.100000381469727
112,4c662aec-bf19-447b-b101-640fd761d422,CSHL026,2019-02-19,F,C57BL/6J,C57BL/6J,2020-03-13,21.299999237060547
113,4c662aec-bf19-447b-b101-640fd761d422,CSHL026,2019-02-19,F,C57BL/6J,C57BL/6J,2020-03-04,21.75
114,4c662aec-bf19-447b-b101-640fd761d422,CSHL026,2019-02-19,F,C57BL/6J,C57BL/6J,2020-03-14,20.979999542236328
115,4c662aec-bf19-447b-b101-640fd761d422,CSHL026,2019-02-19,F,C57BL/6J,C57BL/6J,2020-02-24,21.940000534057617
116,4c662aec-bf19-447b-b101-640fd761d422,CSHL026,2019-02-19,F,C57BL/6J,C57BL/6J,2020-03-05,21.639999389648438
117,4c662aec-bf19-447b-b101-640fd761d422,CSHL026,2019-02-19,F,C57BL/6J,C57BL/6J,2020-02-25,21.530000686645508
118,4c662aec-bf19-447b-b101-640fd761d422,CSHL026,2019-02-19,F,C57BL/6J,C57BL/6J,2020-03-06,21.579999923706055
119,4c662aec-bf19-447b-b101-640fd761d422,CSHL026,2019-02-19,F,C57BL/6J,C57BL/6J,2020-02-26,21.5
120,4c662aec-bf19-447b-b101-640fd761d422,CSHL026,2019-02-19,F,C57BL/6J,C57BL/6J,2020-03-09,21.899999618530273
121,4c662aec-bf19-447b-b101-640fd761d422,CSHL026,2019-02-19,F,C57BL/6J,C57BL/6J,2020-02-27,21.25
122,4c662aec-bf19-447b-b101-640fd761d422,CSHL026,2019-02-19,F,C57BL/6J,C57BL/6J,2020-03-10,21.850000381469727
123,4ebed911-f6c9-4c11-866f-31e26f191a5b,CSHL058,2019-10-15,M,C57BL/6J,C57BL/6J,2020-02-28,24.790000915527344
124,4ebed911-f6c9-4c11-866f-31e26f191a5b,CSHL058,2019-10-15,M,C57BL/6J,C57BL/6J,2020-03-11,24.700000762939453
125,4ebed911-f6c9-4c11-866f-31e26f191a5b,CSHL058,2019-10-15,M,C57BL/6J,C57BL/6J,2020-03-02,26.6299991607666
126,4ebed911-f6c9-4c11-866f-31e26f191a5b,CSHL058,2019-10-15,M,C57BL/6J,C57BL/6J,2020-03-12,24.850000381469727
127,4ebed911-f6c9-4c11-866f-31e26f191a5b,CSHL058,2019-10-15,M,C57BL/6J,C57BL/6J,2020-03-03,25.049999237060547
128,4ebed911-f6c9-4c11-866f-31e26f191a5b,CSHL058,2019-10-15,M,C57BL/6J,C57BL/6J,2020-03-13,24.670000076293945
129,4ebed911-f6c9-4c11-866f-31e26f191a5b,CSHL058,2019-10-15,M,C57BL/6J,C57BL/6J,2020-03-04,24.309999465942383
130,4ebed911-f6c9-4c11-866f-31e26f191a5b,CSHL058,2019-10-15,M,C57BL/6J,C57BL/6J,2020-03-14,24.31999969482422
131,4ebed911-f6c9-4c11-866f-31e26f191a5b,CSHL058,2019-10-15,M,C57BL/6J,C57BL/6J,2020-03-05,24.719999313354492
132,4ebed911-f6c9-4c11-866f-31e26f191a5b,CSHL058,2019-10-15,M,C57BL/6J,C57BL/6J,2020-03-15,26.469999313354492
133,4ebed911-f6c9-4c11-866f-31e26f191a5b,CSHL058,2019-10-15,M,C57BL/6J,C57BL/6J,2020-02-24,26.625
134,4ebed911-f6c9-4c11-866f-31e26f191a5b,CSHL058,2019-10-15,M,C57BL/6J,C57BL/6J,2020-03-06,24.989999771118164
135,4ebed911-f6c9-4c11-866f-31e26f191a5b,CSHL058,2019-10-15,M,C57BL/6J,C57BL/6J,2020-03-16,27.5
136,4ebed911-f6c9-4c11-866f-31e26f191a5b,CSHL058,2019-10-15,M,C57BL/6J,C57BL/6J,2020-02-25,25.75
137,4ebed911-f6c9-4c11-866f-31e26f191a5b,CSHL058,2019-10-15,M,C57BL/6J,C57BL/6J,2020-03-09,25.440000534057617
138,4ebed911-f6c9-4c11-866f-31e26f191a5b,CSHL058,2019-10-15,M,C57BL/6J,C57BL/6J,2020-02-26,25.3700008392334
139,4ebed911-f6c9-4c11-866f-31e26f191a5b,CSHL058,2019-10-15,M,C57BL/6J,C57BL/6J,2020-03-10,25.31999969482422
140,4ebed911-f6c9-4c11-866f-31e26f191a5b,CSHL058,2019-10-15,M,C57BL/6J,C57BL/6J,2020-02-27,24.81999969482422
141,545864da-7b5f-4176-9f42-0c75762b0324,CSHL075,2019-04-02,M,C57BL/6J,C57BL/6J,2020-02-26,33.900001525878906
142,545864da-7b5f-4176-9f42-0c75762b0324,CSHL075,2019-04-02,M,C57BL/6J,C57BL/6J,2020-03-07,28.549999237060547
143,545864da-7b5f-4176-9f42-0c75762b0324,CSHL075,2019-04-02,M,C57BL/6J,C57BL/6J,2020-03-15,30.229999542236328
144,545864da-7b5f-4176-9f42-0c75762b0324,CSHL075,2019-04-02,M,C57BL/6J,C57BL/6J,2020-02-27,34.540000915527344
145,545864da-7b5f-4176-9f42-0c75762b0324,CSHL075,2019-04-02,M,C57BL/6J,C57BL/6J,2020-03-08,28.75
146,545864da-7b5f-4176-9f42-0c75762b0324,CSHL075,2019-04-02,M,C57BL/6J,C57BL/6J,2020-03-16,30.059999465942383
147,545864da-7b5f-4176-9f42-0c75762b0324,CSHL075,2019-04-02,M,C57BL/6J,C57BL/6J,2020-02-28,34.31999969482422
148,545864da-7b5f-4176-9f42-0c75762b0324,CSHL075,2019-04-02,M,C57BL/6J,C57BL/6J,2020-03-09,28.889999389648438
149,545864da-7b5f-4176-9f42-0c75762b0324,CSHL075,2019-04-02,M,C57BL/6J,C57BL/6J,2020-03-17,29.860000610351562
150,545864da-7b5f-4176-9f42-0c75762b0324,CSHL075,2019-04-02,M,C57BL/6J,C57BL/6J,2020-03-02,34.41999816894531
151,545864da-7b5f-4176-9f42-0c75762b0324,CSHL075,2019-04-02,M,C57BL/6J,C57BL/6J,2020-03-10,28.700000762939453
152,545864da-7b5f-4176-9f42-0c75762b0324,CSHL075,2019-04-02,M,C57BL/6J,C57BL/6J,2020-03-18,29.34000015258789
153,545864da-7b5f-4176-9f42-0c75762b0324,CSHL075,2019-04-02,M,C57BL/6J,C57BL/6J,2020-03-03,32.56999969482422
154,545864da-7b5f-4176-9f42-0c75762b0324,CSHL075,2019-04-02,M,C57BL/6J,C57BL/6J,2020-03-11,29.139999389648438
155,545864da-7b5f-4176-9f42-0c75762b0324,CSHL075,2019-04-02,M,C57BL/6J,C57BL/6J,2020-03-04,31.43000030517578
156,545864da-7b5f-4176-9f42-0c75762b0324,CSHL075,2019-04-02,M,C57BL/6J,C57BL/6J,2020-03-12,29.18000030517578
157,545864da-7b5f-4176-9f42-0c75762b0324,CSHL075,2019-04-02,M,C57BL/6J,C57BL/6J,2020-02-24,34.810001373291016
158,545864da-7b5f-4176-9f42-0c75762b0324,CSHL075,2019-04-02,M,C57BL/6J,C57BL/6J,2020-03-05,30.639999389648438
159,545864da-7b5f-4176-9f42-0c75762b0324,CSHL075,2019-04-02,M,C57BL/6J,C57BL/6J,2020-03-13,29.1299991607666
160,545864da-7b5f-4176-9f42-0c75762b0324,CSHL075,2019-04-02,M,C57BL/6J,C57BL/6J,2020-02-25,34.220001220703125
161,545864da-7b5f-4176-9f42-0c75762b0324,CSHL075,2019-04-02,M,C57BL/6J,C57BL/6J,2020-03-06,30.040000915527344
162,545864da-7b5f-4176-9f42-0c75762b0324,CSHL075,2019-04-02,M,C57BL/6J,C57BL/6J,2020-03-14,29.440000534057617
163,56a0f31c-96b1-432e-b209-dc7b71f0f61a,CSHL_018,2018-10-10,M,C57BL/6J,C57BL/6J,2020-02-28,24.799999237060547
164,56a0f31c-96b1-432e-b209-dc7b71f0f61a,CSHL_018,2018-10-10,M,C57BL/6J,C57BL/6J,2020-03-11,25.450000762939453
165,56a0f31c-96b1-432e-b209-dc7b71f0f61a,CSHL_018,2018-10-10,M,C57BL/6J,C57BL/6J,2020-03-02,26.6299991607666
166,56a0f31c-96b1-432e-b209-dc7b71f0f61a,CSHL_018,2018-10-10,M,C57BL/6J,C57BL/6J,2020-03-12,24.520000457763672
167,56a0f31c-96b1-432e-b209-dc7b71f0f61a,CSHL_018,2018-10-10,M,C57BL/6J,C57BL/6J,2020-03-03,25.299999237060547
168,56a0f31c-96b1-432e-b209-dc7b71f0f61a,CSHL_018,2018-10-10,M,C57BL/6J,C57BL/6J,2020-03-13,25.850000381469727
169,56a0f31c-96b1-432e-b209-dc7b71f0f61a,CSHL_018,2018-10-10,M,C57BL/6J,C57BL/6J,2020-03-05,24.68000030517578
170,56a0f31c-96b1-432e-b209-dc7b71f0f61a,CSHL_018,2018-10-10,M,C57BL/6J,C57BL/6J,2020-03-16,27.940000534057617
171,56a0f31c-96b1-432e-b209-dc7b71f0f61a,CSHL_018,2018-10-10,M,C57BL/6J,C57BL/6J,2020-02-24,26.81999969482422
172,56a0f31c-96b1-432e-b209-dc7b71f0f61a,CSHL_018,2018-10-10,M,C57BL/6J,C57BL/6J,2020-03-06,24.5
173,56a0f31c-96b1-432e-b209-dc7b71f0f61a,CSHL_018,2018-10-10,M,C57BL/6J,C57BL/6J,2020-02-25,25.780000686645508
174,56a0f31c-96b1-432e-b209-dc7b71f0f61a,CSHL_018,2018-10-10,M,C57BL/6J,C57BL/6J,2020-03-07,24.459999084472656
175,56a0f31c-96b1-432e-b209-dc7b71f0f61a,CSHL_018,2018-10-10,M,C57BL/6J,C57BL/6J,2020-02-26,25.059999465942383
176,56a0f31c-96b1-432e-b209-dc7b71f0f61a,CSHL_018,2018-10-10,M,C57BL/6J,C57BL/6J,2020-03-08,24.200000762939453
177,56a0f31c-96b1-432e-b209-dc7b71f0f61a,CSHL_018,2018-10-10,M,C57BL/6J,C57BL/6J,2020-02-27,24.760000228881836
178,56a0f31c-96b1-432e-b209-dc7b71f0f61a,CSHL_018,2018-10-10,M,C57BL/6J,C57BL/6J,2020-03-10,25.34000015258789
179,62f0326e-f64d-43c7-b710-d0810ce7bedd,CSHL070,2019-04-16,F,C57BL/6J,C57BL/6J,2020-02-28,29.520000457763672
180,62f0326e-f64d-43c7-b710-d0810ce7bedd,CSHL070,2019-04-16,F,C57BL/6J,C57BL/6J,2020-03-09,24.489999771118164
181,62f0326e-f64d-43c7-b710-d0810ce7bedd,CSHL070,2019-04-16,F,C57BL/6J,C57BL/6J,2020-03-17,24.1299991607666
182,62f0326e-f64d-43c7-b710-d0810ce7bedd,CSHL070,2019-04-16,F,C57BL/6J,C57BL/6J,2020-03-02,29.780000686645508
183,62f0326e-f64d-43c7-b710-d0810ce7bedd,CSHL070,2019-04-16,F,C57BL/6J,C57BL/6J,2020-03-10,24.579999923706055
184,62f0326e-f64d-43c7-b710-d0810ce7bedd,CSHL070,2019-04-16,F,C57BL/6J,C57BL/6J,2020-03-18,23.649999618530273
185,62f0326e-f64d-43c7-b710-d0810ce7bedd,CSHL070,2019-04-16,F,C57BL/6J,C57BL/6J,2020-03-03,28.139999389648438
186,62f0326e-f64d-43c7-b710-d0810ce7bedd,CSHL070,2019-04-16,F,C57BL/6J,C57BL/6J,2020-03-11,23.950000762939453
187,62f0326e-f64d-43c7-b710-d0810ce7bedd,CSHL070,2019-04-16,F,C57BL/6J,C57BL/6J,2020-03-04,27.56999969482422
188,62f0326e-f64d-43c7-b710-d0810ce7bedd,CSHL070,2019-04-16,F,C57BL/6J,C57BL/6J,2020-03-12,24.209999084472656
189,62f0326e-f64d-43c7-b710-d0810ce7bedd,CSHL070,2019-04-16,F,C57BL/6J,C57BL/6J,2020-02-24,27.049999237060547
190,62f0326e-f64d-43c7-b710-d0810ce7bedd,CSHL070,2019-04-16,F,C57BL/6J,C57BL/6J,2020-03-05,27.639999389648438
191,62f0326e-f64d-43c7-b710-d0810ce7bedd,CSHL070,2019-04-16,F,C57BL/6J,C57BL/6J,2020-03-13,24.010000228881836
192,62f0326e-f64d-43c7-b710-d0810ce7bedd,CSHL070,2019-04-16,F,C57BL/6J,C57BL/6J,2020-02-25,29.059999465942383
193,62f0326e-f64d-43c7-b710-d0810ce7bedd,CSHL070,2019-04-16,F,C57BL/6J,C57BL/6J,2020-03-06,27.09000015258789
194,62f0326e-f64d-43c7-b710-d0810ce7bedd,CSHL070,2019-04-16,F,C57BL/6J,C57BL/6J,2020-03-14,24.450000762939453
195,62f0326e-f64d-43c7-b710-d0810ce7bedd,CSHL070,2019-04-16,F,C57BL/6J,C57BL/6J,2020-02-26,29.719999313354492
196,62f0326e-f64d-43c7-b710-d0810ce7bedd,CSHL070,2019-04-16,F,C57BL/6J,C57BL/6J,2020-03-07,25.889999389648438
197,62f0326e-f64d-43c7-b710-d0810ce7bedd,CSHL070,2019-04-16,F,C57BL/6J,C57BL/6J,2020-03-15,24.190000534057617
198,62f0326e-f64d-43c7-b710-d0810ce7bedd,CSHL070,2019-04-16,F,C57BL/6J,C57BL/6J,2020-02-27,30.0
199,62f0326e-f64d-43c7-b710-d0810ce7bedd,CSHL070,2019-04-16,F,C57BL/6J,C57BL/6J,2020-03-08,25.139999389648438
200,62f0326e-f64d-43c7-b710-d0810ce7bedd,CSHL070,2019-04-16,F,C57BL/6J,C57BL/6J,2020-03-16,23.860000610351562
201,69e2a51f-84a1-4732-a240-2212ad78f452,CSHL066,2019-04-16,F,C57BL/6J,C57BL/6J,2020-03-03,24.309999465942383
202,69e2a51f-84a1-4732-a240-2212ad78f452,CSHL066,2019-04-16,F,C57BL/6J,C57BL/6J,2020-03-11,20.469999313354492
203,69e2a51f-84a1-4732-a240-2212ad78f452,CSHL066,2019-04-16,F,C57BL/6J,C57BL/6J,2020-03-04,23.950000762939453
204,69e2a51f-84a1-4732-a240-2212ad78f452,CSHL066,2019-04-16,F,C57BL/6J,C57BL/6J,2020-03-12,20.299999237060547
205,69e2a51f-84a1-4732-a240-2212ad78f452,CSHL066,2019-04-16,F,C57BL/6J,C57BL/6J,2020-02-24,25.479999542236328
206,69e2a51f-84a1-4732-a240-2212ad78f452,CSHL066,2019-04-16,F,C57BL/6J,C57BL/6J,2020-03-05,23.75
207,69e2a51f-84a1-4732-a240-2212ad78f452,CSHL066,2019-04-16,F,C57BL/6J,C57BL/6J,2020-03-13,20.399999618530273
208,69e2a51f-84a1-4732-a240-2212ad78f452,CSHL066,2019-04-16,F,C57BL/6J,C57BL/6J,2020-02-25,25.149999618530273
209,69e2a51f-84a1-4732-a240-2212ad78f452,CSHL066,2019-04-16,F,C57BL/6J,C57BL/6J,2020-03-06,23.290000915527344
210,69e2a51f-84a1-4732-a240-2212ad78f452,CSHL066,2019-04-16,F,C57BL/6J,C57BL/6J,2020-03-14,21.020000457763672
211,69e2a51f-84a1-4732-a240-2212ad78f452,CSHL066,2019-04-16,F,C57BL/6J,C57BL/6J,2020-02-26,25.100000381469727
212,69e2a51f-84a1-4732-a240-2212ad78f452,CSHL066,2019-04-16,F,C57BL/6J,C57BL/6J,2020-03-07,22.09000015258789
213,69e2a51f-84a1-4732-a240-2212ad78f452,CSHL066,2019-04-16,F,C57BL/6J,C57BL/6J,2020-03-15,21.06999969482422
214,69e2a51f-84a1-4732-a240-2212ad78f452,CSHL066,2019-04-16,F,C57BL/6J,C57BL/6J,2020-02-27,25.06999969482422
215,69e2a51f-84a1-4732-a240-2212ad78f452,CSHL066,2019-04-16,F,C57BL/6J,C57BL/6J,2020-03-08,21.200000762939453
216,69e2a51f-84a1-4732-a240-2212ad78f452,CSHL066,2019-04-16,F,C57BL/6J,C57BL/6J,2020-03-16,20.989999771118164
217,69e2a51f-84a1-4732-a240-2212ad78f452,CSHL066,2019-04-16,F,C57BL/6J,C57BL/6J,2020-02-28,24.75
218,69e2a51f-84a1-4732-a240-2212ad78f452,CSHL066,2019-04-16,F,C57BL/6J,C57BL/6J,2020-03-09,20.6200008392334
219,69e2a51f-84a1-4732-a240-2212ad78f452,CSHL066,2019-04-16,F,C57BL/6J,C57BL/6J,2020-03-17,21.049999237060547
220,69e2a51f-84a1-4732-a240-2212ad78f452,CSHL066,2019-04-16,F,C57BL/6J,C57BL/6J,2020-03-02,26.43000030517578
221,69e2a51f-84a1-4732-a240-2212ad78f452,CSHL066,2019-04-16,F,C57BL/6J,C57BL/6J,2020-03-10,20.920000076293945
222,69e2a51f-84a1-4732-a240-2212ad78f452,CSHL066,2019-04-16,F,C57BL/6J,C57BL/6J,2020-03-18,21.280000686645508
223,7b29948a-485b-4a63-80ab-c8010ffc284a,CSHL071,2019-04-02,M,C57BL/6J,C57BL/6J,2020-02-24,47.040000915527344
224,7b29948a-485b-4a63-80ab-c8010ffc284a,CSHL071,2019-04-02,M,C57BL/6J,C57BL/6J,2020-03-05,42.29999923706055
225,7b29948a-485b-4a63-80ab-c8010ffc284a,CSHL071,2019-04-02,M,C57BL/6J,C57BL/6J,2020-03-13,34.22999954223633
226,7b29948a-485b-4a63-80ab-c8010ffc284a,CSHL071,2019-04-02,M,C57BL/6J,C57BL/6J,2020-02-25,46.150001525878906
227,7b29948a-485b-4a63-80ab-c8010ffc284a,CSHL071,2019-04-02,M,C57BL/6J,C57BL/6J,2020-03-06,42.18000030517578
228,7b29948a-485b-4a63-80ab-c8010ffc284a,CSHL071,2019-04-02,M,C57BL/6J,C57BL/6J,2020-03-14,33.689998626708984
229,7b29948a-485b-4a63-80ab-c8010ffc284a,CSHL071,2019-04-02,M,C57BL/6J,C57BL/6J,2020-02-26,46.79999923706055
230,7b29948a-485b-4a63-80ab-c8010ffc284a,CSHL071,2019-04-02,M,C57BL/6J,C57BL/6J,2020-03-07,39.939998626708984
231,7b29948a-485b-4a63-80ab-c8010ffc284a,CSHL071,2019-04-02,M,C57BL/6J,C57BL/6J,2020-03-15,33.0
232,7b29948a-485b-4a63-80ab-c8010ffc284a,CSHL071,2019-04-02,M,C57BL/6J,C57BL/6J,2020-02-27,46.70000076293945
233,7b29948a-485b-4a63-80ab-c8010ffc284a,CSHL071,2019-04-02,M,C57BL/6J,C57BL/6J,2020-03-08,39.060001373291016
234,7b29948a-485b-4a63-80ab-c8010ffc284a,CSHL071,2019-04-02,M,C57BL/6J,C57BL/6J,2020-03-16,33.25
235,7b29948a-485b-4a63-80ab-c8010ffc284a,CSHL071,2019-04-02,M,C57BL/6J,C57BL/6J,2020-02-28,46.560001373291016
236,7b29948a-485b-4a63-80ab-c8010ffc284a,CSHL071,2019-04-02,M,C57BL/6J,C57BL/6J,2020-03-09,38.060001373291016
237,7b29948a-485b-4a63-80ab-c8010ffc284a,CSHL071,2019-04-02,M,C57BL/6J,C57BL/6J,2020-03-17,33.15999984741211
238,7b29948a-485b-4a63-80ab-c8010ffc284a,CSHL071,2019-04-02,M,C57BL/6J,C57BL/6J,2020-03-02,47.220001220703125
239,7b29948a-485b-4a63-80ab-c8010ffc284a,CSHL071,2019-04-02,M,C57BL/6J,C57BL/6J,2020-03-10,36.83000183105469
240,7b29948a-485b-4a63-80ab-c8010ffc284a,CSHL071,2019-04-02,M,C57BL/6J,C57BL/6J,2020-03-18,32.97999954223633
241,7b29948a-485b-4a63-80ab-c8010ffc284a,CSHL071,2019-04-02,M,C57BL/6J,C57BL/6J,2020-03-03,44.47999954223633
242,7b29948a-485b-4a63-80ab-c8010ffc284a,CSHL071,2019-04-02,M,C57BL/6J,C57BL/6J,2020-03-11,36.029998779296875
243,7b29948a-485b-4a63-80ab-c8010ffc284a,CSHL071,2019-04-02,M,C57BL/6J,C57BL/6J,2020-03-04,43.04999923706055
244,7b29948a-485b-4a63-80ab-c8010ffc284a,CSHL071,2019-04-02,M,C57BL/6J,C57BL/6J,2020-03-12,35.08000183105469
245,7b502159-9b6b-4cd0-89c4-4947c35ee0c2,CSHL031,2019-02-19,M,C57BL/6J,C57BL/6J,2020-02-26,26.700000762939453
246,7b502159-9b6b-4cd0-89c4-4947c35ee0c2,CSHL031,2019-02-19,M,C57BL/6J,C57BL/6J,2020-03-09,28.75
247,7b502159-9b6b-4cd0-89c4-4947c35ee0c2,CSHL031,2019-02-19,M,C57BL/6J,C57BL/6J,2020-02-27,26.700000762939453
248,7b502159-9b6b-4cd0-89c4-4947c35ee0c2,CSHL031,2019-02-19,M,C57BL/6J,C57BL/6J,2020-03-10,28.079999923706055
249,7b502159-9b6b-4cd0-89c4-4947c35ee0c2,CSHL031,2019-02-19,M,C57BL/6J,C57BL/6J,2020-02-28,27.299999237060547
250,7b502159-9b6b-4cd0-89c4-4947c35ee0c2,CSHL031,2019-02-19,M,C57BL/6J,C57BL/6J,2020-03-11,27.25
251,7b502159-9b6b-4cd0-89c4-4947c35ee0c2,CSHL031,2019-02-19,M,C57BL/6J,C57BL/6J,2020-03-02,28.920000076293945
252,7b502159-9b6b-4cd0-89c4-4947c35ee0c2,CSHL031,2019-02-19,M,C57BL/6J,C57BL/6J,2020-03-12,28.100000381469727
253,7b502159-9b6b-4cd0-89c4-4947c35ee0c2,CSHL031,2019-02-19,M,C57BL/6J,C57BL/6J,2020-03-03,28.200000762939453
254,7b502159-9b6b-4cd0-89c4-4947c35ee0c2,CSHL031,2019-02-19,M,C57BL/6J,C57BL/6J,2020-03-13,27.719999313354492
255,7b502159-9b6b-4cd0-89c4-4947c35ee0c2,CSHL031,2019-02-19,M,C57BL/6J,C57BL/6J,2020-03-04,28.040000915527344
256,7b502159-9b6b-4cd0-89c4-4947c35ee0c2,CSHL031,2019-02-19,M,C57BL/6J,C57BL/6J,2020-03-14,27.459999084472656
257,7b502159-9b6b-4cd0-89c4-4947c35ee0c2,CSHL031,2019-02-19,M,C57BL/6J,C57BL/6J,2020-02-24,29.510000228881836
258,7b502159-9b6b-4cd0-89c4-4947c35ee0c2,CSHL031,2019-02-19,M,C57BL/6J,C57BL/6J,2020-03-05,27.489999771118164
259,7b502159-9b6b-4cd0-89c4-4947c35ee0c2,CSHL031,2019-02-19,M,C57BL/6J,C57BL/6J,2020-02-25,27.579999923706055
260,7b502159-9b6b-4cd0-89c4-4947c35ee0c2,CSHL031,2019-02-19,M,C57BL/6J,C57BL/6J,2020-03-06,27.6299991607666
261,8a6a484f-ca8e-4858-a6cf-672e6da9cea4,CSHL029,2019-02-19,M,C57BL/6J,C57BL/6J,2020-02-26,28.040000915527344
262,8a6a484f-ca8e-4858-a6cf-672e6da9cea4,CSHL029,2019-02-19,M,C57BL/6J,C57BL/6J,2020-03-09,28.270000457763672
263,8a6a484f-ca8e-4858-a6cf-672e6da9cea4,CSHL029,2019-02-19,M,C57BL/6J,C57BL/6J,2020-02-27,28.299999237060547
264,8a6a484f-ca8e-4858-a6cf-672e6da9cea4,CSHL029,2019-02-19,M,C57BL/6J,C57BL/6J,2020-03-10,28.059999465942383
265,8a6a484f-ca8e-4858-a6cf-672e6da9cea4,CSHL029,2019-02-19,M,C57BL/6J,C57BL/6J,2020-02-28,27.670000076293945
266,8a6a484f-ca8e-4858-a6cf-672e6da9cea4,CSHL029,2019-02-19,M,C57BL/6J,C57BL/6J,2020-03-11,27.65999984741211
267,8a6a484f-ca8e-4858-a6cf-672e6da9cea4,CSHL029,2019-02-19,M,C57BL/6J,C57BL/6J,2020-03-02,29.760000228881836
268,8a6a484f-ca8e-4858-a6cf-672e6da9cea4,CSHL029,2019-02-19,M,C57BL/6J,C57BL/6J,2020-03-12,28.100000381469727
269,8a6a484f-ca8e-4858-a6cf-672e6da9cea4,CSHL029,2019-02-19,M,C57BL/6J,C57BL/6J,2020-03-03,29.760000228881836
270,8a6a484f-ca8e-4858-a6cf-672e6da9cea4,CSHL029,2019-02-19,M,C57BL/6J,C57BL/6J,2020-03-13,27.479999542236328
271,8a6a484f-ca8e-4858-a6cf-672e6da9cea4,CSHL029,2019-02-19,M,C57BL/6J,C57BL/6J,2020-03-04,27.030000686645508
272,8a6a484f-ca8e-4858-a6cf-672e6da9cea4,CSHL029,2019-02-19,M,C57BL/6J,C57BL/6J,2020-03-14,27.440000534057617
273,8a6a484f-ca8e-4858-a6cf-672e6da9cea4,CSHL029,2019-02-19,M,C57BL/6J,C57BL/6J,2020-02-24,29.5
274,8a6a484f-ca8e-4858-a6cf-672e6da9cea4,CSHL029,2019-02-19,M,C57BL/6J,C57BL/6J,2020-03-05,26.8799991607666
275,8a6a484f-ca8e-4858-a6cf-672e6da9cea4,CSHL029,2019-02-19,M,C57BL/6J,C57BL/6J,2020-02-25,28.270000457763672
276,8a6a484f-ca8e-4858-a6cf-672e6da9cea4,CSHL029,2019-02-19,M,C57BL/6J,C57BL/6J,2020-03-06,26.959999084472656
277,a0c96a58-da92-4ca4-80b3-b951c646b102,CSHL063,2019-08-13,M,C57BL/6J,C57BL/6J,2020-02-26,35.16999816894531
278,a0c96a58-da92-4ca4-80b3-b951c646b102,CSHL063,2019-08-13,M,C57BL/6J,C57BL/6J,2020-03-09,31.100000381469727
279,a0c96a58-da92-4ca4-80b3-b951c646b102,CSHL063,2019-08-13,M,C57BL/6J,C57BL/6J,2020-03-17,31.84000015258789
280,a0c96a58-da92-4ca4-80b3-b951c646b102,CSHL063,2019-08-13,M,C57BL/6J,C57BL/6J,2020-03-02,35.380001068115234
281,a0c96a58-da92-4ca4-80b3-b951c646b102,CSHL063,2019-08-13,M,C57BL/6J,C57BL/6J,2020-03-10,32.060001373291016
282,a0c96a58-da92-4ca4-80b3-b951c646b102,CSHL063,2019-08-13,M,C57BL/6J,C57BL/6J,2020-03-18,31.350000381469727
283,a0c96a58-da92-4ca4-80b3-b951c646b102,CSHL063,2019-08-13,M,C57BL/6J,C57BL/6J,2020-03-03,32.619998931884766
284,a0c96a58-da92-4ca4-80b3-b951c646b102,CSHL063,2019-08-13,M,C57BL/6J,C57BL/6J,2020-03-11,32.02000045776367
285,a0c96a58-da92-4ca4-80b3-b951c646b102,CSHL063,2019-08-13,M,C57BL/6J,C57BL/6J,2020-03-04,31.489999771118164
286,a0c96a58-da92-4ca4-80b3-b951c646b102,CSHL063,2019-08-13,M,C57BL/6J,C57BL/6J,2020-03-12,32.79999923706055
287,a0c96a58-da92-4ca4-80b3-b951c646b102,CSHL063,2019-08-13,M,C57BL/6J,C57BL/6J,2020-03-05,31.34000015258789
288,a0c96a58-da92-4ca4-80b3-b951c646b102,CSHL063,2019-08-13,M,C57BL/6J,C57BL/6J,2020-03-13,31.719999313354492
289,a0c96a58-da92-4ca4-80b3-b951c646b102,CSHL063,2019-08-13,M,C57BL/6J,C57BL/6J,2020-03-06,30.459999084472656
290,a0c96a58-da92-4ca4-80b3-b951c646b102,CSHL063,2019-08-13,M,C57BL/6J,C57BL/6J,2020-03-14,31.420000076293945
291,a0c96a58-da92-4ca4-80b3-b951c646b102,CSHL063,2019-08-13,M,C57BL/6J,C57BL/6J,2020-02-24,34.79999923706055
292,a0c96a58-da92-4ca4-80b3-b951c646b102,CSHL063,2019-08-13,M,C57BL/6J,C57BL/6J,2020-03-07,25.190000534057617
293,a0c96a58-da92-4ca4-80b3-b951c646b102,CSHL063,2019-08-13,M,C57BL/6J,C57BL/6J,2020-03-15,32.189998626708984
294,a0c96a58-da92-4ca4-80b3-b951c646b102,CSHL063,2019-08-13,M,C57BL/6J,C57BL/6J,2020-02-25,35.349998474121094
295,a0c96a58-da92-4ca4-80b3-b951c646b102,CSHL063,2019-08-13,M,C57BL/6J,C57BL/6J,2020-03-08,25.520000457763672
296,a0c96a58-da92-4ca4-80b3-b951c646b102,CSHL063,2019-08-13,M,C57BL/6J,C57BL/6J,2020-03-16,31.479999542236328
297,a1da6d49-eb16-4abc-af5d-e391c5dfa7af,CSHL065,2019-08-13,M,C57BL/6J,C57BL/6J,2020-03-03,29.389999389648438
298,a1da6d49-eb16-4abc-af5d-e391c5dfa7af,CSHL065,2019-08-13,M,C57BL/6J,C57BL/6J,2020-03-11,30.760000228881836
299,a1da6d49-eb16-4abc-af5d-e391c5dfa7af,CSHL065,2019-08-13,M,C57BL/6J,C57BL/6J,2020-03-04,28.649999618530273
300,a1da6d49-eb16-4abc-af5d-e391c5dfa7af,CSHL065,2019-08-13,M,C57BL/6J,C57BL/6J,2020-03-12,30.25
301,a1da6d49-eb16-4abc-af5d-e391c5dfa7af,CSHL065,2019-08-13,M,C57BL/6J,C57BL/6J,2020-02-24,34.34000015258789
302,a1da6d49-eb16-4abc-af5d-e391c5dfa7af,CSHL065,2019-08-13,M,C57BL/6J,C57BL/6J,2020-03-05,28.030000686645508
303,a1da6d49-eb16-4abc-af5d-e391c5dfa7af,CSHL065,2019-08-13,M,C57BL/6J,C57BL/6J,2020-03-13,30.0
304,a1da6d49-eb16-4abc-af5d-e391c5dfa7af,CSHL065,2019-08-13,M,C57BL/6J,C57BL/6J,2020-02-25,34.91999816894531
305,a1da6d49-eb16-4abc-af5d-e391c5dfa7af,CSHL065,2019-08-13,M,C57BL/6J,C57BL/6J,2020-03-06,27.239999771118164
306,a1da6d49-eb16-4abc-af5d-e391c5dfa7af,CSHL065,2019-08-13,M,C57BL/6J,C57BL/6J,2020-03-14,30.190000534057617
307,a1da6d49-eb16-4abc-af5d-e391c5dfa7af,CSHL065,2019-08-13,M,C57BL/6J,C57BL/6J,2020-02-26,34.900001525878906
308,a1da6d49-eb16-4abc-af5d-e391c5dfa7af,CSHL065,2019-08-13,M,C57BL/6J,C57BL/6J,2020-03-07,29.350000381469727
309,a1da6d49-eb16-4abc-af5d-e391c5dfa7af,CSHL065,2019-08-13,M,C57BL/6J,C57BL/6J,2020-03-15,29.979999542236328
310,a1da6d49-eb16-4abc-af5d-e391c5dfa7af,CSHL065,2019-08-13,M,C57BL/6J,C57BL/6J,2020-02-27,34.56999969482422
311,a1da6d49-eb16-4abc-af5d-e391c5dfa7af,CSHL065,2019-08-13,M,C57BL/6J,C57BL/6J,2020-03-08,30.100000381469727
312,a1da6d49-eb16-4abc-af5d-e391c5dfa7af,CSHL065,2019-08-13,M,C57BL/6J,C57BL/6J,2020-03-16,28.68000030517578
313,a1da6d49-eb16-4abc-af5d-e391c5dfa7af,CSHL065,2019-08-13,M,C57BL/6J,C57BL/6J,2020-02-28,34.560001373291016
314,a1da6d49-eb16-4abc-af5d-e391c5dfa7af,CSHL065,2019-08-13,M,C57BL/6J,C57BL/6J,2020-03-09,30.299999237060547
315,a1da6d49-eb16-4abc-af5d-e391c5dfa7af,CSHL065,2019-08-13,M,C57BL/6J,C57BL/6J,2020-03-17,28.90999984741211
316,a1da6d49-eb16-4abc-af5d-e391c5dfa7af,CSHL065,2019-08-13,M,C57BL/6J,C57BL/6J,2020-03-02,34.09000015258789
317,a1da6d49-eb16-4abc-af5d-e391c5dfa7af,CSHL065,2019-08-13,M,C57BL/6J,C57BL/6J,2020-03-10,30.530000686645508
318,a1da6d49-eb16-4abc-af5d-e391c5dfa7af,CSHL065,2019-08-13,M,C57BL/6J,C57BL/6J,2020-03-18,29.399999618530273
319,b04fd8a4-1ba4-4bc2-9593-238386281a6c,CSHL045,2019-08-06,M,C57BL/6J,C57BL/6J,2020-02-24,25.93000030517578
320,b04fd8a4-1ba4-4bc2-9593-238386281a6c,CSHL045,2019-08-06,M,C57BL/6J,C57BL/6J,2020-02-25,25.700000762939453
321,b04fd8a4-1ba4-4bc2-9593-238386281a6c,CSHL045,2019-08-06,M,C57BL/6J,C57BL/6J,2020-02-26,24.329999923706055
322,b04fd8a4-1ba4-4bc2-9593-238386281a6c,CSHL045,2019-08-06,M,C57BL/6J,C57BL/6J,2020-02-27,24.700000762939453
323,b04fd8a4-1ba4-4bc2-9593-238386281a6c,CSHL045,2019-08-06,M,C57BL/6J,C57BL/6J,2020-02-28,22.450000762939453
324,bf1acd37-ec6d-4e2d-8e88-c2b8c529af72,CSHL067,2019-04-16,F,C57BL/6J,C57BL/6J,2020-02-27,27.25
325,bf1acd37-ec6d-4e2d-8e88-c2b8c529af72,CSHL067,2019-04-16,F,C57BL/6J,C57BL/6J,2020-03-08,22.139999389648438
326,bf1acd37-ec6d-4e2d-8e88-c2b8c529af72,CSHL067,2019-04-16,F,C57BL/6J,C57BL/6J,2020-03-16,21.049999237060547
327,bf1acd37-ec6d-4e2d-8e88-c2b8c529af72,CSHL067,2019-04-16,F,C57BL/6J,C57BL/6J,2020-02-28,27.15999984741211
328,bf1acd37-ec6d-4e2d-8e88-c2b8c529af72,CSHL067,2019-04-16,F,C57BL/6J,C57BL/6J,2020-03-09,21.440000534057617
329,bf1acd37-ec6d-4e2d-8e88-c2b8c529af72,CSHL067,2019-04-16,F,C57BL/6J,C57BL/6J,2020-03-17,21.18000030517578
330,bf1acd37-ec6d-4e2d-8e88-c2b8c529af72,CSHL067,2019-04-16,F,C57BL/6J,C57BL/6J,2020-03-02,27.219999313354492
331,bf1acd37-ec6d-4e2d-8e88-c2b8c529af72,CSHL067,2019-04-16,F,C57BL/6J,C57BL/6J,2020-03-10,21.5
332,bf1acd37-ec6d-4e2d-8e88-c2b8c529af72,CSHL067,2019-04-16,F,C57BL/6J,C57BL/6J,2020-03-18,21.329999923706055
333,bf1acd37-ec6d-4e2d-8e88-c2b8c529af72,CSHL067,2019-04-16,F,C57BL/6J,C57BL/6J,2020-03-03,25.280000686645508
334,bf1acd37-ec6d-4e2d-8e88-c2b8c529af72,CSHL067,2019-04-16,F,C57BL/6J,C57BL/6J,2020-03-11,20.959999084472656
335,bf1acd37-ec6d-4e2d-8e88-c2b8c529af72,CSHL067,2019-04-16,F,C57BL/6J,C57BL/6J,2020-03-04,24.5
336,bf1acd37-ec6d-4e2d-8e88-c2b8c529af72,CSHL067,2019-04-16,F,C57BL/6J,C57BL/6J,2020-03-12,20.799999237060547
337,bf1acd37-ec6d-4e2d-8e88-c2b8c529af72,CSHL067,2019-04-16,F,C57BL/6J,C57BL/6J,2020-02-24,27.010000228881836
338,bf1acd37-ec6d-4e2d-8e88-c2b8c529af72,CSHL067,2019-04-16,F,C57BL/6J,C57BL/6J,2020-03-05,24.31999969482422
339,bf1acd37-ec6d-4e2d-8e88-c2b8c529af72,CSHL067,2019-04-16,F,C57BL/6J,C57BL/6J,2020-03-13,20.799999237060547
340,bf1acd37-ec6d-4e2d-8e88-c2b8c529af72,CSHL067,2019-04-16,F,C57BL/6J,C57BL/6J,2020-02-25,26.850000381469727
341,bf1acd37-ec6d-4e2d-8e88-c2b8c529af72,CSHL067,2019-04-16,F,C57BL/6J,C57BL/6J,2020-03-06,23.719999313354492
342,bf1acd37-ec6d-4e2d-8e88-c2b8c529af72,CSHL067,2019-04-16,F,C57BL/6J,C57BL/6J,2020-03-14,20.989999771118164
343,bf1acd37-ec6d-4e2d-8e88-c2b8c529af72,CSHL067,2019-04-16,F,C57BL/6J,C57BL/6J,2020-02-26,27.100000381469727
344,bf1acd37-ec6d-4e2d-8e88-c2b8c529af72,CSHL067,2019-04-16,F,C57BL/6J,C57BL/6J,2020-03-07,22.799999237060547
345,bf1acd37-ec6d-4e2d-8e88-c2b8c529af72,CSHL067,2019-04-16,F,C57BL/6J,C57BL/6J,2020-03-15,20.899999618530273
346,c9cf105b-243f-4f58-a6cc-53cd3ec5fdc4,CSHL072,2019-04-02,M,C57BL/6J,C57BL/6J,2020-03-02,40.63999938964844
347,c9cf105b-243f-4f58-a6cc-53cd3ec5fdc4,CSHL072,2019-04-02,M,C57BL/6J,C57BL/6J,2020-03-10,32.349998474121094
348,c9cf105b-243f-4f58-a6cc-53cd3ec5fdc4,CSHL072,2019-04-02,M,C57BL/6J,C57BL/6J,2020-03-18,32.5
349,c9cf105b-243f-4f58-a6cc-53cd3ec5fdc4,CSHL072,2019-04-02,M,C57BL/6J,C57BL/6J,2020-03-03,38.52000045776367
350,c9cf105b-243f-4f58-a6cc-53cd3ec5fdc4,CSHL072,2019-04-02,M,C57BL/6J,C57BL/6J,2020-03-11,32.36000061035156
351,c9cf105b-243f-4f58-a6cc-53cd3ec5fdc4,CSHL072,2019-04-02,M,C57BL/6J,C57BL/6J,2020-03-04,37.36000061035156
352,c9cf105b-243f-4f58-a6cc-53cd3ec5fdc4,CSHL072,2019-04-02,M,C57BL/6J,C57BL/6J,2020-03-12,32.130001068115234
353,c9cf105b-243f-4f58-a6cc-53cd3ec5fdc4,CSHL072,2019-04-02,M,C57BL/6J,C57BL/6J,2020-02-24,40.9900016784668
354,c9cf105b-243f-4f58-a6cc-53cd3ec5fdc4,CSHL072,2019-04-02,M,C57BL/6J,C57BL/6J,2020-03-05,37.4900016784668
355,c9cf105b-243f-4f58-a6cc-53cd3ec5fdc4,CSHL072,2019-04-02,M,C57BL/6J,C57BL/6J,2020-03-13,31.600000381469727
356,c9cf105b-243f-4f58-a6cc-53cd3ec5fdc4,CSHL072,2019-04-02,M,C57BL/6J,C57BL/6J,2020-02-25,40.709999084472656
357,c9cf105b-243f-4f58-a6cc-53cd3ec5fdc4,CSHL072,2019-04-02,M,C57BL/6J,C57BL/6J,2020-03-06,36.84000015258789
358,c9cf105b-243f-4f58-a6cc-53cd3ec5fdc4,CSHL072,2019-04-02,M,C57BL/6J,C57BL/6J,2020-03-14,31.479999542236328
359,c9cf105b-243f-4f58-a6cc-53cd3ec5fdc4,CSHL072,2019-04-02,M,C57BL/6J,C57BL/6J,2020-02-26,41.099998474121094
360,c9cf105b-243f-4f58-a6cc-53cd3ec5fdc4,CSHL072,2019-04-02,M,C57BL/6J,C57BL/6J,2020-03-07,34.529998779296875
361,c9cf105b-243f-4f58-a6cc-53cd3ec5fdc4,CSHL072,2019-04-02,M,C57BL/6J,C57BL/6J,2020-03-15,32.630001068115234
362,c9cf105b-243f-4f58-a6cc-53cd3ec5fdc4,CSHL072,2019-04-02,M,C57BL/6J,C57BL/6J,2020-02-27,40.849998474121094
363,c9cf105b-243f-4f58-a6cc-53cd3ec5fdc4,CSHL072,2019-04-02,M,C57BL/6J,C57BL/6J,2020-03-08,33.720001220703125
364,c9cf105b-243f-4f58-a6cc-53cd3ec5fdc4,CSHL072,2019-04-02,M,C57BL/6J,C57BL/6J,2020-03-16,32.47999954223633
365,c9cf105b-243f-4f58-a6cc-53cd3ec5fdc4,CSHL072,2019-04-02,M,C57BL/6J,C57BL/6J,2020-02-28,40.86000061035156
366,c9cf105b-243f-4f58-a6cc-53cd3ec5fdc4,CSHL072,2019-04-02,M,C57BL/6J,C57BL/6J,2020-03-09,33.209999084472656
367,c9cf105b-243f-4f58-a6cc-53cd3ec5fdc4,CSHL072,2019-04-02,M,C57BL/6J,C57BL/6J,2020-03-17,32.7400016784668
368,db4ba87b-84cf-497b-89c4-085805f66ec3,CSHL068,2019-04-16,F,C57BL/6J,C57BL/6J,2020-03-04,26.639999389648438
369,db4ba87b-84cf-497b-89c4-085805f66ec3,CSHL068,2019-04-16,F,C57BL/6J,C57BL/6J,2020-03-12,22.450000762939453
370,db4ba87b-84cf-497b-89c4-085805f66ec3,CSHL068,2019-04-16,F,C57BL/6J,C57BL/6J,2020-02-24,28.100000381469727
371,db4ba87b-84cf-497b-89c4-085805f66ec3,CSHL068,2019-04-16,F,C57BL/6J,C57BL/6J,2020-03-05,26.149999618530273
372,db4ba87b-84cf-497b-89c4-085805f66ec3,CSHL068,2019-04-16,F,C57BL/6J,C57BL/6J,2020-03-13,22.719999313354492
373,db4ba87b-84cf-497b-89c4-085805f66ec3,CSHL068,2019-04-16,F,C57BL/6J,C57BL/6J,2020-02-25,27.700000762939453
374,db4ba87b-84cf-497b-89c4-085805f66ec3,CSHL068,2019-04-16,F,C57BL/6J,C57BL/6J,2020-03-06,25.6200008392334
375,db4ba87b-84cf-497b-89c4-085805f66ec3,CSHL068,2019-04-16,F,C57BL/6J,C57BL/6J,2020-03-14,23.020000457763672
376,db4ba87b-84cf-497b-89c4-085805f66ec3,CSHL068,2019-04-16,F,C57BL/6J,C57BL/6J,2020-02-26,28.100000381469727
377,db4ba87b-84cf-497b-89c4-085805f66ec3,CSHL068,2019-04-16,F,C57BL/6J,C57BL/6J,2020-03-07,25.440000534057617
378,db4ba87b-84cf-497b-89c4-085805f66ec3,CSHL068,2019-04-16,F,C57BL/6J,C57BL/6J,2020-03-15,23.459999084472656
379,db4ba87b-84cf-497b-89c4-085805f66ec3,CSHL068,2019-04-16,F,C57BL/6J,C57BL/6J,2020-02-27,28.270000457763672
380,db4ba87b-84cf-497b-89c4-085805f66ec3,CSHL068,2019-04-16,F,C57BL/6J,C57BL/6J,2020-03-08,24.75
381,db4ba87b-84cf-497b-89c4-085805f66ec3,CSHL068,2019-04-16,F,C57BL/6J,C57BL/6J,2020-03-16,23.229999542236328
382,db4ba87b-84cf-497b-89c4-085805f66ec3,CSHL068,2019-04-16,F,C57BL/6J,C57BL/6J,2020-02-28,28.190000534057617
383,db4ba87b-84cf-497b-89c4-085805f66ec3,CSHL068,2019-04-16,F,C57BL/6J,C57BL/6J,2020-03-09,22.8799991607666
384,db4ba87b-84cf-497b-89c4-085805f66ec3,CSHL068,2019-04-16,F,C57BL/6J,C57BL/6J,2020-03-17,23.420000076293945
385,db4ba87b-84cf-497b-89c4-085805f66ec3,CSHL068,2019-04-16,F,C57BL/6J,C57BL/6J,2020-03-02,28.850000381469727
386,db4ba87b-84cf-497b-89c4-085805f66ec3,CSHL068,2019-04-16,F,C57BL/6J,C57BL/6J,2020-03-10,23.010000228881836
387,db4ba87b-84cf-497b-89c4-085805f66ec3,CSHL068,2019-04-16,F,C57BL/6J,C57BL/6J,2020-03-18,23.600000381469727
388,db4ba87b-84cf-497b-89c4-085805f66ec3,CSHL068,2019-04-16,F,C57BL/6J,C57BL/6J,2020-03-03,27.170000076293945
389,db4ba87b-84cf-497b-89c4-085805f66ec3,CSHL068,2019-04-16,F,C57BL/6J,C57BL/6J,2020-03-11,22.219999313354492
390,dffc24bc-bd97-4c2a-bef3-3e9320dc3dd7,CSHL046,2019-08-06,M,C57BL/6J,C57BL/6J,2020-02-25,24.899999618530273
391,dffc24bc-bd97-4c2a-bef3-3e9320dc3dd7,CSHL046,2019-08-06,M,C57BL/6J,C57BL/6J,2020-03-06,23.729999542236328
392,dffc24bc-bd97-4c2a-bef3-3e9320dc3dd7,CSHL046,2019-08-06,M,C57BL/6J,C57BL/6J,2020-02-26,24.3799991607666
393,dffc24bc-bd97-4c2a-bef3-3e9320dc3dd7,CSHL046,2019-08-06,M,C57BL/6J,C57BL/6J,2020-03-09,26.3700008392334
394,dffc24bc-bd97-4c2a-bef3-3e9320dc3dd7,CSHL046,2019-08-06,M,C57BL/6J,C57BL/6J,2020-02-27,23.81999969482422
395,dffc24bc-bd97-4c2a-bef3-3e9320dc3dd7,CSHL046,2019-08-06,M,C57BL/6J,C57BL/6J,2020-03-10,25.6299991607666
396,dffc24bc-bd97-4c2a-bef3-3e9320dc3dd7,CSHL046,2019-08-06,M,C57BL/6J,C57BL/6J,2020-02-28,24.219999313354492
397,dffc24bc-bd97-4c2a-bef3-3e9320dc3dd7,CSHL046,2019-08-06,M,C57BL/6J,C57BL/6J,2020-03-11,24.729999542236328
398,dffc24bc-bd97-4c2a-bef3-3e9320dc3dd7,CSHL046,2019-08-06,M,C57BL/6J,C57BL/6J,2020-03-02,26.549999237060547
399,dffc24bc-bd97-4c2a-bef3-3e9320dc3dd7,CSHL046,2019-08-06,M,C57BL/6J,C57BL/6J,2020-03-12,25.0
400,dffc24bc-bd97-4c2a-bef3-3e9320dc3dd7,CSHL046,2019-08-06,M,C57BL/6J,C57BL/6J,2020-03-03,25.0
401,dffc24bc-bd97-4c2a-bef3-3e9320dc3dd7,CSHL046,2019-08-06,M,C57BL/6J,C57BL/6J,2020-03-13,24.5
402,dffc24bc-bd97-4c2a-bef3-3e9320dc3dd7,CSHL046,2019-08-06,M,C57BL/6J,C57BL/6J,2020-03-04,24.34000015258789
403,dffc24bc-bd97-4c2a-bef3-3e9320dc3dd7,CSHL046,2019-08-06,M,C57BL/6J,C57BL/6J,2020-02-24,25.8149995803833
404,dffc24bc-bd97-4c2a-bef3-3e9320dc3dd7,CSHL046,2019-08-06,M,C57BL/6J,C57BL/6J,2020-03-05,24.15999984741211
405,e0ad64a7-83a1-41ea-abff-738876bbaaca,CSHL025,2019-02-19,F,C57BL/6J,C57BL/6J,2020-02-26,21.6200008392334
406,e0ad64a7-83a1-41ea-abff-738876bbaaca,CSHL025,2019-02-19,F,C57BL/6J,C57BL/6J,2020-03-09,21.280000686645508
407,e0ad64a7-83a1-41ea-abff-738876bbaaca,CSHL025,2019-02-19,F,C57BL/6J,C57BL/6J,2020-02-27,21.1299991607666
408,e0ad64a7-83a1-41ea-abff-738876bbaaca,CSHL025,2019-02-19,F,C57BL/6J,C57BL/6J,2020-03-10,21.299999237060547
409,e0ad64a7-83a1-41ea-abff-738876bbaaca,CSHL025,2019-02-19,F,C57BL/6J,C57BL/6J,2020-02-28,20.84000015258789
410,e0ad64a7-83a1-41ea-abff-738876bbaaca,CSHL025,2019-02-19,F,C57BL/6J,C57BL/6J,2020-03-11,20.969999313354492
411,e0ad64a7-83a1-41ea-abff-738876bbaaca,CSHL025,2019-02-19,F,C57BL/6J,C57BL/6J,2020-03-02,22.719999313354492
412,e0ad64a7-83a1-41ea-abff-738876bbaaca,CSHL025,2019-02-19,F,C57BL/6J,C57BL/6J,2020-03-12,20.799999237060547
413,e0ad64a7-83a1-41ea-abff-738876bbaaca,CSHL025,2019-02-19,F,C57BL/6J,C57BL/6J,2020-03-03,21.610000610351562
414,e0ad64a7-83a1-41ea-abff-738876bbaaca,CSHL025,2019-02-19,F,C57BL/6J,C57BL/6J,2020-03-13,21.100000381469727
415,e0ad64a7-83a1-41ea-abff-738876bbaaca,CSHL025,2019-02-19,F,C57BL/6J,C57BL/6J,2020-03-04,23.309999465942383
416,e0ad64a7-83a1-41ea-abff-738876bbaaca,CSHL025,2019-02-19,F,C57BL/6J,C57BL/6J,2020-02-24,23.700000762939453
417,e0ad64a7-83a1-41ea-abff-738876bbaaca,CSHL025,2019-02-19,F,C57BL/6J,C57BL/6J,2020-03-05,20.209999084472656
418,e0ad64a7-83a1-41ea-abff-738876bbaaca,CSHL025,2019-02-19,F,C57BL/6J,C57BL/6J,2020-02-25,22.270000457763672
419,e0ad64a7-83a1-41ea-abff-738876bbaaca,CSHL025,2019-02-19,F,C57BL/6J,C57BL/6J,2020-03-06,20.1200008392334
420,e1f37a73-ad60-49b2-8fbb-ee872cd9805b,CSHL069,2019-04-16,F,C57BL/6J,C57BL/6J,2020-02-27,28.719999313354492
421,e1f37a73-ad60-49b2-8fbb-ee872cd9805b,CSHL069,2019-04-16,F,C57BL/6J,C57BL/6J,2020-03-08,23.6200008392334
422,e1f37a73-ad60-49b2-8fbb-ee872cd9805b,CSHL069,2019-04-16,F,C57BL/6J,C57BL/6J,2020-03-16,22.649999618530273
423,e1f37a73-ad60-49b2-8fbb-ee872cd9805b,CSHL069,2019-04-16,F,C57BL/6J,C57BL/6J,2020-02-28,28.760000228881836
424,e1f37a73-ad60-49b2-8fbb-ee872cd9805b,CSHL069,2019-04-16,F,C57BL/6J,C57BL/6J,2020-03-09,23.899999618530273
425,e1f37a73-ad60-49b2-8fbb-ee872cd9805b,CSHL069,2019-04-16,F,C57BL/6J,C57BL/6J,2020-03-17,22.459999084472656
426,e1f37a73-ad60-49b2-8fbb-ee872cd9805b,CSHL069,2019-04-16,F,C57BL/6J,C57BL/6J,2020-03-02,29.350000381469727
427,e1f37a73-ad60-49b2-8fbb-ee872cd9805b,CSHL069,2019-04-16,F,C57BL/6J,C57BL/6J,2020-03-10,23.639999389648438
428,e1f37a73-ad60-49b2-8fbb-ee872cd9805b,CSHL069,2019-04-16,F,C57BL/6J,C57BL/6J,2020-03-18,22.100000381469727
429,e1f37a73-ad60-49b2-8fbb-ee872cd9805b,CSHL069,2019-04-16,F,C57BL/6J,C57BL/6J,2020-03-03,27.969999313354492
430,e1f37a73-ad60-49b2-8fbb-ee872cd9805b,CSHL069,2019-04-16,F,C57BL/6J,C57BL/6J,2020-03-11,22.920000076293945
431,e1f37a73-ad60-49b2-8fbb-ee872cd9805b,CSHL069,2019-04-16,F,C57BL/6J,C57BL/6J,2020-03-04,27.81999969482422
432,e1f37a73-ad60-49b2-8fbb-ee872cd9805b,CSHL069,2019-04-16,F,C57BL/6J,C57BL/6J,2020-03-12,22.719999313354492
433,e1f37a73-ad60-49b2-8fbb-ee872cd9805b,CSHL069,2019-04-16,F,C57BL/6J,C57BL/6J,2020-02-24,28.5
434,e1f37a73-ad60-49b2-8fbb-ee872cd9805b,CSHL069,2019-04-16,F,C57BL/6J,C57BL/6J,2020-03-05,27.290000915527344
435,e1f37a73-ad60-49b2-8fbb-ee872cd9805b,CSHL069,2019-04-16,F,C57BL/6J,C57BL/6J,2020-03-13,22.260000228881836
436,e1f37a73-ad60-49b2-8fbb-ee872cd9805b,CSHL069,2019-04-16,F,C57BL/6J,C57BL/6J,2020-02-25,28.1200008392334
437,e1f37a73-ad60-49b2-8fbb-ee872cd9805b,CSHL069,2019-04-16,F,C57BL/6J,C57BL/6J,2020-03-06,26.65999984741211
438,e1f37a73-ad60-49b2-8fbb-ee872cd9805b,CSHL069,2019-04-16,F,C57BL/6J,C57BL/6J,2020-03-14,22.8799991607666
439,e1f37a73-ad60-49b2-8fbb-ee872cd9805b,CSHL069,2019-04-16,F,C57BL/6J,C57BL/6J,2020-02-26,28.5
440,e1f37a73-ad60-49b2-8fbb-ee872cd9805b,CSHL069,2019-04-16,F,C57BL/6J,C57BL/6J,2020-03-07,24.530000686645508
441,e1f37a73-ad60-49b2-8fbb-ee872cd9805b,CSHL069,2019-04-16,F,C57BL/6J,C57BL/6J,2020-03-15,22.729999542236328
442,ea16f098-67d7-48ba-90d4-bac7966cc016,CSHL061,2019-08-13,M,C57BL/6J,C57BL/6J,2020-03-02,31.549999237060547
443,ea16f098-67d7-48ba-90d4-bac7966cc016,CSHL061,2019-08-13,M,C57BL/6J,C57BL/6J,2020-03-16,27.31999969482422
444,ea16f098-67d7-48ba-90d4-bac7966cc016,CSHL061,2019-08-13,M,C57BL/6J,C57BL/6J,2020-03-03,28.139999389648438
445,ea16f098-67d7-48ba-90d4-bac7966cc016,CSHL061,2019-08-13,M,C57BL/6J,C57BL/6J,2020-03-17,25.459999084472656
446,ea16f098-67d7-48ba-90d4-bac7966cc016,CSHL061,2019-08-13,M,C57BL/6J,C57BL/6J,2020-03-04,27.75
447,ea16f098-67d7-48ba-90d4-bac7966cc016,CSHL061,2019-08-13,M,C57BL/6J,C57BL/6J,2020-03-18,24.959999084472656
448,ea16f098-67d7-48ba-90d4-bac7966cc016,CSHL061,2019-08-13,M,C57BL/6J,C57BL/6J,2020-02-24,30.979999542236328
449,ea16f098-67d7-48ba-90d4-bac7966cc016,CSHL061,2019-08-13,M,C57BL/6J,C57BL/6J,2020-03-05,27.739999771118164
450,ea16f098-67d7-48ba-90d4-bac7966cc016,CSHL061,2019-08-13,M,C57BL/6J,C57BL/6J,2020-02-25,32.5
451,ea16f098-67d7-48ba-90d4-bac7966cc016,CSHL061,2019-08-13,M,C57BL/6J,C57BL/6J,2020-03-06,26.6200008392334
452,ea16f098-67d7-48ba-90d4-bac7966cc016,CSHL061,2019-08-13,M,C57BL/6J,C57BL/6J,2020-02-26,31.899999618530273
453,ea16f098-67d7-48ba-90d4-bac7966cc016,CSHL061,2019-08-13,M,C57BL/6J,C57BL/6J,2020-03-07,26.18000030517578
454,ea16f098-67d7-48ba-90d4-bac7966cc016,CSHL061,2019-08-13,M,C57BL/6J,C57BL/6J,2020-02-27,31.100000381469727
455,ea16f098-67d7-48ba-90d4-bac7966cc016,CSHL061,2019-08-13,M,C57BL/6J,C57BL/6J,2020-03-08,25.950000762939453
456,ea16f098-67d7-48ba-90d4-bac7966cc016,CSHL061,2019-08-13,M,C57BL/6J,C57BL/6J,2020-02-28,31.889999389648438
457,ea16f098-67d7-48ba-90d4-bac7966cc016,CSHL061,2019-08-13,M,C57BL/6J,C57BL/6J,2020-03-09,25.829999923706055
458,ed8918e4-6a37-4b3d-9b4d-daa14eca0c70,CSHL059,2019-10-15,M,C57BL/6J,C57BL/6J,2020-03-02,24.700000762939453
459,ed8918e4-6a37-4b3d-9b4d-daa14eca0c70,CSHL059,2019-10-15,M,C57BL/6J,C57BL/6J,2020-03-03,23.360000610351562
460,ed8918e4-6a37-4b3d-9b4d-daa14eca0c70,CSHL059,2019-10-15,M,C57BL/6J,C57BL/6J,2020-03-04,23.579999923706055
461,ed8918e4-6a37-4b3d-9b4d-daa14eca0c70,CSHL059,2019-10-15,M,C57BL/6J,C57BL/6J,2020-02-24,23.8700008392334
462,ed8918e4-6a37-4b3d-9b4d-daa14eca0c70,CSHL059,2019-10-15,M,C57BL/6J,C57BL/6J,2020-03-05,23.06999969482422
463,ed8918e4-6a37-4b3d-9b4d-daa14eca0c70,CSHL059,2019-10-15,M,C57BL/6J,C57BL/6J,2020-02-25,23.219999313354492
464,ed8918e4-6a37-4b3d-9b4d-daa14eca0c70,CSHL059,2019-10-15,M,C57BL/6J,C57BL/6J,2020-03-06,22.3700008392334
465,ed8918e4-6a37-4b3d-9b4d-daa14eca0c70,CSHL059,2019-10-15,M,C57BL/6J,C57BL/6J,2020-02-26,23.139999389648438
466,ed8918e4-6a37-4b3d-9b4d-daa14eca0c70,CSHL059,2019-10-15,M,C57BL/6J,C57BL/6J,2020-03-07,22.299999237060547
467,ed8918e4-6a37-4b3d-9b4d-daa14eca0c70,CSHL059,2019-10-15,M,C57BL/6J,C57BL/6J,2020-02-27,23.0
468,ed8918e4-6a37-4b3d-9b4d-daa14eca0c70,CSHL059,2019-10-15,M,C57BL/6J,C57BL/6J,2020-03-08,22.530000686645508
469,ed8918e4-6a37-4b3d-9b4d-daa14eca0c70,CSHL059,2019-10-15,M,C57BL/6J,C57BL/6J,2020-02-28,23.15999984741211
470,f2889c72-ce0c-465b-8af2-cfa8b4c9a8c4,CSHL024,2019-02-19,F,C57BL/6J,C57BL/6J,2020-02-25,21.260000228881836
471,f2889c72-ce0c-465b-8af2-cfa8b4c9a8c4,CSHL024,2019-02-19,F,C57BL/6J,C57BL/6J,2020-03-06,20.229999542236328
472,f2889c72-ce0c-465b-8af2-cfa8b4c9a8c4,CSHL024,2019-02-19,F,C57BL/6J,C57BL/6J,2020-02-26,21.729999542236328
473,f2889c72-ce0c-465b-8af2-cfa8b4c9a8c4,CSHL024,2019-02-19,F,C57BL/6J,C57BL/6J,2020-03-09,21.0
474,f2889c72-ce0c-465b-8af2-cfa8b4c9a8c4,CSHL024,2019-02-19,F,C57BL/6J,C57BL/6J,2020-02-27,21.360000610351562
475,f2889c72-ce0c-465b-8af2-cfa8b4c9a8c4,CSHL024,2019-02-19,F,C57BL/6J,C57BL/6J,2020-03-10,21.540000915527344
476,f2889c72-ce0c-465b-8af2-cfa8b4c9a8c4,CSHL024,2019-02-19,F,C57BL/6J,C57BL/6J,2020-02-28,20.969999313354492
477,f2889c72-ce0c-465b-8af2-cfa8b4c9a8c4,CSHL024,2019-02-19,F,C57BL/6J,C57BL/6J,2020-03-11,21.399999618530273
478,f2889c72-ce0c-465b-8af2-cfa8b4c9a8c4,CSHL024,2019-02-19,F,C57BL/6J,C57BL/6J,2020-03-02,21.700000762939453
479,f2889c72-ce0c-465b-8af2-cfa8b4c9a8c4,CSHL024,2019-02-19,F,C57BL/6J,C57BL/6J,2020-03-12,21.799999237060547
480,f2889c72-ce0c-465b-8af2-cfa8b4c9a8c4,CSHL024,2019-02-19,F,C57BL/6J,C57BL/6J,2020-03-03,20.65999984741211
481,f2889c72-ce0c-465b-8af2-cfa8b4c9a8c4,CSHL024,2019-02-19,F,C57BL/6J,C57BL/6J,2020-03-13,21.899999618530273
482,f2889c72-ce0c-465b-8af2-cfa8b4c9a8c4,CSHL024,2019-02-19,F,C57BL/6J,C57BL/6J,2020-03-04,20.3799991607666
483,f2889c72-ce0c-465b-8af2-cfa8b4c9a8c4,CSHL024,2019-02-19,F,C57BL/6J,C57BL/6J,2020-03-14,21.510000228881836
484,f2889c72-ce0c-465b-8af2-cfa8b4c9a8c4,CSHL024,2019-02-19,F,C57BL/6J,C57BL/6J,2020-02-24,21.719999313354492
485,f2889c72-ce0c-465b-8af2-cfa8b4c9a8c4,CSHL024,2019-02-19,F,C57BL/6J,C57BL/6J,2020-03-05,20.200000762939453
486,f2cbdf1c-84bf-4752-98ef-de7029be3a24,CSHL027,2019-02-19,M,C57BL/6J,C57BL/6J,2020-02-25,29.450000762939453
487,f2cbdf1c-84bf-4752-98ef-de7029be3a24,CSHL027,2019-02-19,M,C57BL/6J,C57BL/6J,2020-03-06,27.34000015258789
488,f2cbdf1c-84bf-4752-98ef-de7029be3a24,CSHL027,2019-02-19,M,C57BL/6J,C57BL/6J,2020-02-26,28.780000686645508
489,f2cbdf1c-84bf-4752-98ef-de7029be3a24,CSHL027,2019-02-19,M,C57BL/6J,C57BL/6J,2020-03-09,31.440000534057617
490,f2cbdf1c-84bf-4752-98ef-de7029be3a24,CSHL027,2019-02-19,M,C57BL/6J,C57BL/6J,2020-02-27,28.450000762939453
491,f2cbdf1c-84bf-4752-98ef-de7029be3a24,CSHL027,2019-02-19,M,C57BL/6J,C57BL/6J,2020-03-11,29.200000762939453
492,f2cbdf1c-84bf-4752-98ef-de7029be3a24,CSHL027,2019-02-19,M,C57BL/6J,C57BL/6J,2020-02-28,28.110000610351562
493,f2cbdf1c-84bf-4752-98ef-de7029be3a24,CSHL027,2019-02-19,M,C57BL/6J,C57BL/6J,2020-03-12,29.440000534057617
494,f2cbdf1c-84bf-4752-98ef-de7029be3a24,CSHL027,2019-02-19,M,C57BL/6J,C57BL/6J,2020-03-02,31.43000030517578
495,f2cbdf1c-84bf-4752-98ef-de7029be3a24,CSHL027,2019-02-19,M,C57BL/6J,C57BL/6J,2020-03-13,28.799999237060547
496,f2cbdf1c-84bf-4752-98ef-de7029be3a24,CSHL027,2019-02-19,M,C57BL/6J,C57BL/6J,2020-03-03,29.399999618530273
497,f2cbdf1c-84bf-4752-98ef-de7029be3a24,CSHL027,2019-02-19,M,C57BL/6J,C57BL/6J,2020-03-14,28.25
498,f2cbdf1c-84bf-4752-98ef-de7029be3a24,CSHL027,2019-02-19,M,C57BL/6J,C57BL/6J,2020-03-04,27.979999542236328
499,f2cbdf1c-84bf-4752-98ef-de7029be3a24,CSHL027,2019-02-19,M,C57BL/6J,C57BL/6J,2020-02-24,31.670000076293945
500,f2cbdf1c-84bf-4752-98ef-de7029be3a24,CSHL027,2019-02-19,M,C57BL/6J,C57BL/6J,2020-03-05,27.700000762939453
501,f9009d7c-870e-44e6-b18d-32af0a2eb08d,CSHL074,2019-04-02,M,C57BL/6J,C57BL/6J,2020-02-26,32.599998474121094
502,f9009d7c-870e-44e6-b18d-32af0a2eb08d,CSHL074,2019-04-02,M,C57BL/6J,C57BL/6J,2020-03-07,29.799999237060547
503,f9009d7c-870e-44e6-b18d-32af0a2eb08d,CSHL074,2019-04-02,M,C57BL/6J,C57BL/6J,2020-03-15,29.739999771118164
504,f9009d7c-870e-44e6-b18d-32af0a2eb08d,CSHL074,2019-04-02,M,C57BL/6J,C57BL/6J,2020-02-27,32.939998626708984
505,f9009d7c-870e-44e6-b18d-32af0a2eb08d,CSHL074,2019-04-02,M,C57BL/6J,C57BL/6J,2020-03-08,29.520000457763672
506,f9009d7c-870e-44e6-b18d-32af0a2eb08d,CSHL074,2019-04-02,M,C57BL/6J,C57BL/6J,2020-03-16,29.719999313354492
507,f9009d7c-870e-44e6-b18d-32af0a2eb08d,CSHL074,2019-04-02,M,C57BL/6J,C57BL/6J,2020-02-28,33.22999954223633
508,f9009d7c-870e-44e6-b18d-32af0a2eb08d,CSHL074,2019-04-02,M,C57BL/6J,C57BL/6J,2020-03-09,28.709999084472656
509,f9009d7c-870e-44e6-b18d-32af0a2eb08d,CSHL074,2019-04-02,M,C57BL/6J,C57BL/6J,2020-03-17,30.219999313354492
510,f9009d7c-870e-44e6-b18d-32af0a2eb08d,CSHL074,2019-04-02,M,C57BL/6J,C57BL/6J,2020-03-02,33.15999984741211
511,f9009d7c-870e-44e6-b18d-32af0a2eb08d,CSHL074,2019-04-02,M,C57BL/6J,C57BL/6J,2020-03-10,29.0
512,f9009d7c-870e-44e6-b18d-32af0a2eb08d,CSHL074,2019-04-02,M,C57BL/6J,C57BL/6J,2020-03-18,30.239999771118164
513,f9009d7c-870e-44e6-b18d-32af0a2eb08d,CSHL074,2019-04-02,M,C57BL/6J,C57BL/6J,2020-03-03,30.459999084472656
514,f9009d7c-870e-44e6-b18d-32af0a2eb08d,CSHL074,2019-04-02,M,C57BL/6J,C57BL/6J,2020-03-11,29.31999969482422
515,f9009d7c-870e-44e6-b18d-32af0a2eb08d,CSHL074,2019-04-02,M,C57BL/6J,C57BL/6J,2020-03-04,29.420000076293945
516,f9009d7c-870e-44e6-b18d-32af0a2eb08d,CSHL074,2019-04-02,M,C57BL/6J,C57BL/6J,2020-03-12,29.8700008392334
517,f9009d7c-870e-44e6-b18d-32af0a2eb08d,CSHL074,2019-04-02,M,C57BL/6J,C57BL/6J,2020-02-24,33.63999938964844
518,f9009d7c-870e-44e6-b18d-32af0a2eb08d,CSHL074,2019-04-02,M,C57BL/6J,C57BL/6J,2020-03-05,29.450000762939453
519,f9009d7c-870e-44e6-b18d-32af0a2eb08d,CSHL074,2019-04-02,M,C57BL/6J,C57BL/6J,2020-03-13,29.8799991607666
520,f9009d7c-870e-44e6-b18d-32af0a2eb08d,CSHL074,2019-04-02,M,C57BL/6J,C57BL/6J,2020-02-25,33.0099983215332
521,f9009d7c-870e-44e6-b18d-32af0a2eb08d,CSHL074,2019-04-02,M,C57BL/6J,C57BL/6J,2020-03-06,29.06999969482422
522,f9009d7c-870e-44e6-b18d-32af0a2eb08d,CSHL074,2019-04-02,M,C57BL/6J,C57BL/6J,2020-03-14,30.059999465942383
