,subject_uuid,lab_name,subject_project,days_to_trained,subject_nickname,sex,subject_birth_date,institution_short,date_trained,weekend_water_regime,mouse,perf_easy,n_trials,rt,threshold,bias,lapse_low,lapse_high,lapse
0,00778394-c956-408d-8a6c-ca3b05a611d5,cortexlab,ibl_neuropixel_brainwide_01,24.0,KS019,F,2019-04-30,UCL,2019-09-19,restr,KS019,86.17801047120419,1023.3333333333334,0.46030099999984486,7.939652531849198,8.899065034049155,0.1597404615286733,0.09489950666126402,0.12731998409496867
1,019a22c1-b944-4494-9e38-0e45ae6697bf,mrsicflogellab,ibl_neuropixel_brainwide_01,15.0,SWC_022,M,2019-06-18,SWC,2019-09-26,restr,SWC_022,86.13518197573656,852.6666666666666,0.3984009999999216,8.701948988167477,-9.593413354823499,0.09114233023030294,0.1864721106274903,0.13880722042889662
2,02120449-9b19-4276-a434-513886c2fb19,wittenlab,ibl_neuropixel_brainwide_01,49.0,ibl_witten_07,F,2018-11-13,Princeton,2019-05-24,restr,ibl_witten_07,86.04118993135012,677.0,0.3419999999996435,18.842714208924093,-13.478567489450956,0.13662408132824722,0.1499655945792099,0.14329483795372855
3,034fd43f-ee35-450b-99ef-25475ce25fdc,mainenlab,ibl_neuropixel_brainwide_01,8.0,ZM_1092,M,2018-10-23,CCU,2019-02-04,CA,ZM_1092,87.53568030447192,843.0,0.3572999999998956,10.922123311089404,-4.487112493194894,0.09685436195341882,0.16304830517461377,0.12995133356401628
4,05e97eea-64e2-4e52-a78a-5b78875b4fa3,cortexlab,ibl_neuropixel_brainwide_01,47.0,KS004,F,2018-12-04,UCL,2019-06-06,restr,KS004,89.37007874015748,403.3333333333333,0.3711000000000695,15.900913715518108,15.633065447790917,0.1932975871859911,0.058177322807901534,0.12573745499694633
5,0812d02d-d62b-416d-8b66-7956db34ee32,wittenlab,ibl_neuropixel_brainwide_01,8.0,ibl_witten_19,M,2019-11-13,Princeton,2020-03-03,restr,ibl_witten_19,91.73708920187794,976.3333333333334,0.3897009999996044,8.65234944220068,-5.559707699307944,0.055654091237234915,0.1446541048482634,0.10015409804274916
6,082fa374-a10c-4c47-9c50-1c23e7490e30,mrsicflogellab,ibl_neuropixel_brainwide_01,19.0,SWC_038,F,2019-12-11,SWC,2020-03-11,restr,SWC_038,90.78751857355127,1036.6666666666667,0.32025050000015653,18.145750550369364,-15.664531671830863,0.0766992035074062,0.14096952978351746,0.10883436664546182
7,0932d382-3fd4-4688-88d1-a0156cadd488,zadorlab,ibl_neuropixel_brainwide_01,3.0,CSH_ZAD_007,M,2019-05-06,CSHL,2019-08-22,CA,CSH_ZAD_007,95.41734860883797,452.0,0.5592000000000326,12.75731941184182,5.767775368767056,0.02759553864102266,0.05994763000192874,0.043771584321475696
8,0936a724-2151-446f-98b2-92c3e9dd36dc,churchlandlab,ibl_neuropixel_brainwide_01,9.0,CSHL_007,F,2018-11-27,CSHL,2019-03-19,CA,CSHL_007,89.33333333333333,376.3333333333333,0.6342999999998824,14.414765319137423,-10.89233677501657,0.1305788476397007,0.08838953635871014,0.10948419199920542
9,0a47477d-e76f-43d8-a5b3-9b985707ad3f,danlab,ibl_neuropixel_brainwide_01,11.0,DY_013,M,2019-10-23,Berkeley,2020-02-12,restr,DY_013,95.51451187335093,438.6666666666667,0.37949999999999307,16.508938150464473,-0.609443411805948,0.08046437205064574,0.01886394515701765,0.04966415860383169
10,0bde9528-5bed-4ba5-a95a-a250cd769bbe,mrsicflogellab,ibl_neuropixel_brainwide_01,54.0,SWC_029,F,2019-08-16,SWC,2020-02-27,restr,SWC_029,85.55798687089715,713.6666666666666,0.3995505000001458,16.638512400830997,13.036403412082134,0.17223180857595494,0.06613591006132369,0.11918385931863931
11,0cd0b05f-fbee-40c0-b2e2-07708c90dead,danlab,ibl_neuropixel_brainwide_01,30.0,DY_015,M,2019-10-23,Berkeley,2020-03-13,restr,DY_015,86.82926829268293,338.6666666666667,0.33085050000001104,17.708593626869288,-5.780914101671334,0.0464211203911375,0.15540500126484116,0.10091306082798933
12,0f47b24d-3909-428c-a18d-666006c7c834,angelakilab,ibl_neuropixel_brainwide_01,27.0,NYU-11,F,2019-07-23,NYU,2019-12-05,CA,NYU-11,88.60294117647058,826.3333333333334,1.0058500000000001,12.96573661225722,-6.241822747076952,0.18345671078553827,0.05454976749734658,0.11900323914144242
13,0fbb1324-1ac7-445a-8831-8fc2225338ca,zadorlab,ibl_neuropixel_brainwide_01,3.0,CSH_ZAD_010,M,2019-05-06,CSHL,2019-08-27,CA,CSH_ZAD_010,95.62737642585552,463.6666666666667,0.5003004999997529,16.004093737466945,7.282020238190491,0.05977687332487701,0.03160131319161477,0.04568909325824589
14,10fd3170-6c52-4cb6-986f-aa73704277c0,churchlandlab,ibl_neuropixel_brainwide_01,13.0,CSHL_015,F,2019-02-19,CSHL,2019-07-08,CA,CSHL_015,86.20218579234972,591.0,0.2406999999999897,17.384581982370875,-11.0709910247549,0.11698251365848021,0.15061076503024484,0.13379663934436253
15,13e59361-a2e8-4e2d-8636-ae0961fd941c,mainenlab,ibl_neuropixel_brainwide_01,5.0,ZM_1093,M,2018-10-23,CCU,2019-02-05,CA,ZM_1093,85.37490720118782,610.0,0.4574999999998397,16.837931704265316,-0.7832254675151437,0.16223244670193404,0.12628632456713454,0.14425938563453428
16,15f98ab5-20d8-4345-a5de-21912a39575f,churchlandlab,ibl_neuropixel_brainwide_01,28.0,CSHL047,M,2019-08-06,CSHL,2019-12-17,CA,CSHL047,96.04989604989605,747.3333333333334,0.3752000000000635,17.860752172499502,-2.0491344134415472,0.0034490573912112957,0.06891355106062705,0.03618130422591917
17,1627878b-0863-4241-9396-43f89d6d70af,danlab,ibl_neuropixel_brainwide_01,3.0,DY_010,M,2019-08-18,Berkeley,2019-11-26,restr,DY_010,86.85612788632326,417.0,0.5018999999999778,15.530801156351052,1.8251678384200023,0.10038132361118451,0.1055291676484775,0.10295524562983101
18,16816978-d32d-4647-83b4-055fcf993bf8,angelakilab,ibl_neuropixel_brainwide_01,9.0,NYU-20,F,2019-10-15,NYU,2020-01-24,CA,NYU-20,89.1260162601626,632.0,0.6120999999999412,5.0000000433780905,4.845008014771819,0.1164352924498912,0.11302150920684323,0.11472840082836722
19,18a54f60-534b-4ed5-8bda-b434079b8ab8,cortexlab,ibl_neuropixel_brainwide_01,13.0,KS014,M,2019-04-30,UCL,2019-08-22,restr,KS014,90.73064340239912,716.6666666666666,0.3168000000000575,10.459498631826852,-2.780078653272985,0.1307968586201007,0.0945026964957835,0.1126497775579421
20,19cf7867-e2d2-4a12-93be-9371fe1a293c,churchlandlab,ibl_neuropixel_brainwide_01,13.0,CSHL_010,F,2018-11-27,CSHL,2019-03-25,CA,CSHL_010,85.5036855036855,531.3333333333334,0.4585999999999899,17.442305273778636,14.004213554311502,0.17455573264377033,0.12183364302202314,0.14819468783289674
21,1a8fa9b4-399b-4175-8c32-e552aaa2541b,mainenlab,ibl_neuropixel_brainwide_01,11.0,ZM_1373,F,2018-12-31,CCU,2019-04-18,CA,ZM_1373,86.44688644688645,749.6666666666666,0.29890100000000075,11.219280184358455,2.4129859730903664,0.14820563037566786,0.16752907196203995,0.15786735116885392
22,1d1e50b4-bbc9-46f6-acf9-f0fe16c3849e,mainenlab,ibl_neuropixel_brainwide_01,7.0,ZM_3004,F,2019-11-10,CCU,2020-02-20,CA,ZM_3004,86.5353037766831,661.6666666666666,0.2979009999999107,18.306369858416353,12.885200722605669,0.16687401007243918,0.08520613032562396,0.12604007019903157
23,20086e93-a271-4a57-89fc-15604d8e92c0,zadorlab,ibl_neuropixel_brainwide_01,10.0,CSH_ZAD_022,M,2019-11-12,CSHL,2020-03-10,CA,CSH_ZAD_022,89.24972004479284,707.0,0.27070000000003347,7.778806675575053,-0.9294375731792677,0.19062518531054531,0.050735051465318856,0.12068011838793208
24,204d40b0-7ea8-49b3-835c-05b47ec8801b,mainenlab,ibl_neuropixel_brainwide_01,5.0,ZM_1746,M,2019-02-24,CCU,2019-06-03,CA,ZM_1746,90.11532125205932,486.3333333333333,0.46079999999994925,16.490894720513104,5.475687966462093,0.08018216413302098,0.1205946272556398,0.10038839569433039
25,20ed6bed-9bfd-44f9-8c57-a9344e206cfd,mainenlab,ibl_neuropixel_brainwide_01,14.0,ZM_2245,F,2019-08-12,CCU,2019-12-09,CA,ZM_2245,97.24349157733538,1071.0,0.42029999999988377,19.448551947785667,-6.753825735893836,0.033943211248540155,0.021140945125744222,0.027542078187142188
26,217d49ae-ada9-48be-a77e-9704c9e57855,angelakilab,ibl_neuropixel_brainwide_01,17.0,NYU-01,M,2018-12-18,NYU,2019-04-23,CA,NYU-01,86.35235732009926,490.3333333333333,0.7454500000000053,10.825486844321262,-11.405465380969442,0.11950060460181307,0.17110739591947743,0.14530400026064524
27,221b68e7-0014-46ae-b8af-308665d8b478,churchlandlab,ibl_neuropixel_brainwide_01,19.0,CSHL053,F,2019-08-13,CSHL,2019-12-11,CA,CSHL053,92.12328767123287,473.3333333333333,0.5522009999999682,12.659360833201946,10.132466233312524,0.15383098738851034,0.017489345030602593,0.08566016620955647
28,2714cd11-363a-44bd-b57d-c91870ad0671,angelakilab,ibl_neuropixel_brainwide_01,32.0,NYU-14,F,2019-08-27,NYU,2020-01-07,CA,NYU-14,90.43927648578811,591.6666666666666,0.7024999999999935,13.266845061889294,-5.707921730916061,0.09477447662823438,0.12032822602986704,0.1075513513290507
29,274bb80c-2acc-470a-bfb4-24d38a1b3d06,wittenlab,ibl_neuropixel_brainwide_01,11.0,ibl_witten_06,M,2018-11-06,Princeton,2019-02-21,restr,ibl_witten_06,92.54901960784314,1207.3333333333333,0.2981504999998208,18.71888840883009,6.281825720269799,0.1563305771910893,0.03619757295791812,0.09626407507450371
30,27d08c9d-6013-42d8-bab5-1e788f230b2e,hoferlab,ibl_neuropixel_brainwide_01,43.0,SWC_001,F,2019-01-19,SWC,2019-07-18,restr,SWC_001,94.66292134831461,563.6666666666666,0.7086000000001604,6.707552550819072,-7.80744567926737,0.07126322702789366,0.10038451061874282,0.08582386882331824
31,28e692f5-8357-4fd1-be11-22943c560006,churchlandlab,ibl_neuropixel_brainwide_01,16.0,CSHL060,M,2019-10-15,CSHL,2020-02-11,CA,CSHL060,97.30586370839937,921.6666666666666,0.316899999999805,18.849618308418528,-0.8955368013062501,0.041273352543716856,0.018808185119818487,0.03004076883176767
32,2f1b7046-9c58-4076-a7c5-7c386293dc89,danlab,ibl_neuropixel_brainwide_01,6.0,DY_006,M,2019-02-27,Berkeley,2019-06-06,restr,DY_006,88.74458874458875,523.0,0.5769999999999982,15.824914100643916,10.629881213261035,0.09378269362380257,0.11337276208755567,0.10357772785567912
33,31b27d1f-4b3c-465f-a6bf-32e870797b4a,mainenlab,ibl_neuropixel_brainwide_01,17.0,ZM_3003,M,2019-11-10,CCU,2020-03-05,CA,ZM_3003,92.08261617900172,461.6666666666667,0.5624999999999432,18.429075094942974,2.2673702688367623,0.06905908958820266,0.09937999409968508,0.08421954184394387
34,33eeea5f-f287-4234-85bd-512900d63c1f,mrsicflogellab,ibl_neuropixel_brainwide_01,44.0,SWC_017,F,2019-05-07,SWC,2019-11-11,restr,SWC_017,89.04109589041096,446.3333333333333,0.5406000000000404,17.568391822230932,-5.616239069115705,0.1516184582279118,0.07516787272216678,0.1133931654750393
35,34ff50d4-42cf-41f7-8c38-ab631ca84d74,angelakilab,ibl_neuropixel_brainwide_01,25.0,IBL-T4,F,2018-11-27,NYU,2019-03-15,CA,IBL-T4,87.83783783783784,613.6666666666666,0.5912000000000717,18.389579754844387,-0.716391316738541,0.1829595849775647,0.0663124300844976,0.12463600753103116
36,354e6122-de4a-4945-bafd-d46df65768f6,cortexlab,ibl_neuropixel_brainwide_01,18.0,KS016,M,2019-04-30,UCL,2019-08-30,restr,KS016,89.69746524938675,794.3333333333334,0.3130505000001449,17.694524906053125,-7.994942312791972,0.06452079521084102,0.13044624197487498,0.097483518592858
37,3614ee37-c892-4eb4-ab83-f6c1f3804977,churchlandlab,ibl_neuropixel_brainwide_01,32.0,CSHL055,F,2019-08-13,CSHL,2020-01-09,CA,CSHL055,97.35537190082646,943.6666666666666,0.3255505000002472,18.465862687513116,4.775411734192028,0.060121049670671195,0.00966573098960843,0.034893390330139815
38,3899bc0a-d7b5-4914-a76f-a4f4fdd99f98,mainenlab,ibl_neuropixel_brainwide_01,8.0,ZM_1089,M,2018-10-23,CCU,2019-02-04,CA,ZM_1089,93.30900243309003,752.0,0.432200000000023,18.22671368878671,1.5877277170350723,0.05993628232801877,0.08821749654308832,0.07407688943555354
39,3ac4e413-b47d-4a62-bc32-c8689fe9b61b,hoferlab,ibl_neuropixel_brainwide_01,15.0,SWC_042,M,2019-12-11,SWC,2020-03-19,restr,SWC_042,86.94117647058823,700.3333333333334,0.44790000000011787,12.905253709866479,13.535494755017893,0.12977572188004072,0.16048130711663228,0.1451285144983365
40,3b6b41b6-68bb-4a9a-bfeb-5f8cf97a1c2a,mainenlab,ibl_neuropixel_brainwide_01,14.0,ZM_1745,M,2019-02-24,CCU,2019-06-14,CA,ZM_1745,93.02949061662198,618.0,0.37370000000009895,17.37582825654472,4.591775458691666,0.045488220198125345,0.10594145842615792,0.07571483931214162
41,3eee82bf-8ccf-42ac-9e26-472caed5f265,angelakilab,ibl_neuropixel_brainwide_01,8.0,NYU-02,M,2018-12-18,NYU,2019-04-05,CA,NYU-02,88.642413487134,791.0,0.5776999999999362,16.922542011420603,10.81358170683841,0.13339439213308088,0.08583488153004915,0.10961463683156501
42,475acc5f-64f7-4f28-9722-5f60ce553f91,danlab,ibl_neuropixel_brainwide_01,3.0,DY_007,M,2019-02-27,Berkeley,2019-06-04,restr,DY_007,99.11764705882354,770.0,0.275300000000243,10.52902678649198,0.055434038402418576,0.022559940443901635,0.011637923941151021,0.01709893219252633
43,4ba96259-4afe-42fa-89b6-f2f8d361bf44,mainenlab,ibl_neuropixel_brainwide_01,14.0,ZM_1095,M,2018-10-23,CCU,2019-02-20,CA,ZM_1095,93.39622641509435,457.0,0.6753000000001066,18.78478127535577,-4.652732464515804,0.028536371796959496,0.13974820018187648,0.08414228598941799
44,4c9577b3-bdd5-4a15-b15b-5bc24a4439d3,churchlandlab,ibl_neuropixel_brainwide_01,21.0,CSHL_002,M,2018-11-20,CSHL,2019-04-01,CA,CSHL_002,94.90366687383468,1266.0,0.29120049999994535,16.795718094445537,-8.507350658495685,0.07284316386603745,0.0369248295109543,0.054883996688495876
45,4db0b36d-9b85-4cae-8d93-a68998c581fc,hoferlab,ibl_neuropixel_brainwide_01,20.0,SWC_013,M,2019-06-04,SWC,2019-09-20,restr,SWC_013,88.8030888030888,782.6666666666666,0.39504999999985557,5.668551427357527,-5.702350920258113,0.03795693817671202,0.16487955118951236,0.1014182446831122
46,4db14483-21ff-4102-a71f-07434e8a1396,cortexlab,ibl_neuropixel_brainwide_01,14.0,KS021,M,2019-06-25,UCL,2019-10-14,restr,KS021,88.7434554973822,518.3333333333334,0.48830050000003666,7.161498924649701,10.029405861741658,0.10428201032260875,0.11369535278653525,0.108988681554572
47,4dc08527-efd9-41c7-b907-f610f3ad41ae,zadorlab,ibl_neuropixel_brainwide_01,9.0,CSH_ZAD_004,F,2019-04-16,CSHL,2019-08-20,CA,CSH_ZAD_004,85.48530721282279,619.6666666666666,0.3733009999998558,15.439732363373167,-5.040898613017951,0.13809874759575957,0.15502255302995396,0.14656065031285676
48,4e2695cb-77c4-44a5-a059-80b1ea9c75ab,danlab,ibl_neuropixel_brainwide_01,13.0,DY_014,M,2019-10-28,Berkeley,2020-02-14,restr,DY_014,87.67772511848341,414.3333333333333,0.35969999999997526,11.087847973197887,14.630197836247714,0.09670942323973528,0.11807596910234937,0.10739269617104233
49,4eb8afda-a4d9-4314-8956-cdf773223fe5,mainenlab,ibl_neuropixel_brainwide_01,7.0,ZM_1897,F,2019-06-10,CCU,2019-09-26,CA,ZM_1897,90.45226130653266,654.0,0.415250000000043,16.610573923642605,-13.507578978647857,0.12264445135850699,0.061915755938248704,0.09228010364837785
50,4ebed911-f6c9-4c11-866f-31e26f191a5b,churchlandlab,ibl_neuropixel_brainwide_01,13.0,CSHL058,M,2019-10-15,CSHL,2020-02-06,CA,CSHL058,84.82688391038697,848.3333333333334,0.41449999999986176,9.821889084207806,15.273005101525026,0.1901228992134259,0.05909927860543981,0.12461108890943286
51,4f091667-90b9-4469-88f4-542c1ec07891,churchlandlab,ibl_neuropixel_brainwide_01,11.0,CSHL_008,F,2018-11-27,CSHL,2019-03-21,CA,CSHL_008,95.63106796116504,521.0,0.3889000000001488,16.291759890594683,4.914450799082217,0.04583936216984881,0.0752966657903426,0.0605680139800957
52,544583b3-bc39-41b8-93ac-1506494d9859,churchlandlab,ibl_neuropixel_brainwide_01,18.0,CSHL051,F,2019-08-13,CSHL,2019-12-10,CA,CSHL051,96.86847599164928,704.0,0.4533010000000104,12.063726315082349,14.639796083082693,0.08562988774142799,0.018839201151452455,0.052234544446440226
53,54edfc98-ce84-471c-94a3-c748552fbc22,wittenlab,ibl_neuropixel_brainwide_01,8.0,ibl_witten_03,M,2018-07-17,Princeton,2019-01-10,restr,ibl_witten_03,86.04651162790698,1039.25,0.3279005000000552,13.953391947647727,0.21857353343077207,0.14410863033308474,0.15858534420533998,0.15134698726921236
54,5644f7a6-e206-4da3-bd35-81d0f32153bb,angelakilab,ibl_neuropixel_brainwide_01,17.0,NYU-13,F,2019-08-27,NYU,2019-11-22,CA,NYU-13,90.83333333333333,915.0,0.44020000000000437,15.588065201847627,1.7997617779174269,0.05346640135684232,0.13814785066737412,0.09580712601210822
55,5ba2da46-8213-4dd1-ac4e-3dc1eafd7141,cortexlab,ibl_neuropixel_brainwide_01,6.0,KS025,F,2019-06-25,UCL,2019-10-11,restr,KS025,86.28691983122363,505.3333333333333,0.4917499999999677,17.093220876668152,7.743693321928961,0.18637735695569146,0.06115443957260694,0.1237658982641492
56,5cff8b1f-288e-4725-83b6-d2f9b6c7ab45,hoferlab,ibl_neuropixel_brainwide_01,22.0,SWC_021,F,2019-06-04,SWC,2019-10-07,restr,SWC_021,97.23756906077348,799.0,0.4552999999999656,18.097426901510854,3.216754409116741,0.00543742892965825,0.08287429794118015,0.0441558634354192
57,5df6e2f2-cc8e-486f-a23d-219125e496fa,mainenlab,ibl_neuropixel_brainwide_01,7.0,ZM_1085,M,2018-10-23,CCU,2019-01-31,CA,ZM_1085,93.279258400927,899.0,0.5277000000000953,6.727751339481215,5.302502323074929,0.061783168253183224,0.07298037956544634,0.06738177390931478
58,5f756084-afaf-4c88-96b5-ed29401dbd2f,zadorlab,ibl_neuropixel_brainwide_01,26.0,CSH_ZAD_011,F,2019-09-17,CSHL,2020-02-17,CA,CSH_ZAD_011,88.23529411764706,728.6666666666666,0.5950504999998429,6.851897838810952,-5.691017233855258,0.058211535582313075,0.16874276494140167,0.11347715026185737
59,5f7d4e8d-37d7-48cf-97e5-24121285adb9,mainenlab,ibl_neuropixel_brainwide_01,5.0,ZM_1087,M,2018-10-23,CCU,2019-01-30,CA,ZM_1087,85.66457898399443,887.0,0.37740000000007967,7.677673123627579,-7.877172803482731,0.08979825373316982,0.1746626922461954,0.1322304729896826
60,60fe80b7-7506-4885-8c36-e8622025780c,zadorlab,ibl_neuropixel_brainwide_01,17.0,CSH_ZAD_001,F,2019-04-16,CSHL,2019-09-04,CA,CSH_ZAD_001,90.53803339517626,626.3333333333334,0.5479000000002543,14.483495819425126,2.971260368492634,0.18160642006234579,0.047187734051538185,0.11439707705694199
61,6b827ce6-e3f1-4e40-81d4-6ecdf6f04668,wittenlab,ibl_neuropixel_brainwide_01,8.0,ibl_witten_17,M,2019-11-13,Princeton,2020-03-03,restr,ibl_witten_17,86.02870813397129,1086.0,0.3078009999999267,10.66749330329866,-0.7745664154904,0.14916073326510795,0.16512831549021723,0.15714452437766258
62,6d3a3635-05cd-4f5b-97c5-2c129b812a33,danlab,ibl_neuropixel_brainwide_01,7.0,DY_003,M,2018-12-05,Berkeley,2019-04-26,restr,DY_003,97.5,394.3333333333333,1.7081999999999198,17.397709500849885,-7.11832125383474,1.5481535257096126e-10,0.05017522573322035,0.025087612944017852
63,6dcef540-d5f2-41d0-9233-55e0da87fe59,mainenlab,ibl_neuropixel_brainwide_01,13.0,ZM_1743,F,2019-03-04,CCU,2019-06-13,CA,ZM_1743,88.5395537525355,955.3333333333334,0.3138500000000022,18.670238022576815,11.295169316386765,0.1705621060591579,0.06375177362112594,0.11715693984014192
64,6e1e46eb-a742-4385-926c-db14a8f9347f,churchlandlab,ibl_neuropixel_brainwide_01,16.0,CSHL_003,M,2018-11-20,CSHL,2019-03-21,CA,CSHL_003,86.47859922178989,585.0,0.3845504999998184,17.9986779445643,9.164811489193998,0.1856159407234611,0.08281128519229898,0.13421361295788004
65,726e6b19-e9ef-4e37-a7d7-986d5bcd551c,wittenlab,ibl_neuropixel_brainwide_01,22.0,ibl_witten_15,M,2019-04-23,Princeton,2019-09-16,restr,ibl_witten_15,89.44099378881988,983.6666666666666,0.34895000000005894,18.813032777181398,-5.022204150368607,0.10372317983706897,0.12700963619441535,0.11536640801574216
66,72c817c7-dda4-4036-ae1e-5632cfde2b99,mainenlab,ibl_neuropixel_brainwide_01,10.0,ZM_3002,M,2019-11-10,CCU,2020-02-25,CA,ZM_3002,87.71428571428571,593.3333333333334,0.42810050000002775,12.993270546203727,15.046017757683366,0.15835950372938087,0.035394133430456186,0.09687681857991853
67,7776c0a9-23ef-4e62-90fc-56adee291782,angelakilab,ibl_neuropixel_brainwide_01,18.0,NYU-09,F,2019-07-23,NYU,2019-11-20,CA,NYU-09,89.648033126294,763.0,1.560750500000097,11.637453966589963,-2.4540714792611347,0.08951004972524751,0.1624387048857808,0.12597437730551414
68,787af8d0-46db-4f32-bb5f-353c17d11e6c,churchlandlab,ibl_neuropixel_brainwide_01,12.0,CSHL_014,F,2019-02-19,CSHL,2019-07-04,CA,CSHL_014,82.75276125743416,680.0,0.31535049999985176,15.185436937801398,-14.008746871609013,0.11327545382790884,0.18749883201561035,0.1503871429217596
69,79220479-3f1f-43d7-af79-c8001eaa5e3a,cortexlab,ibl_neuropixel_brainwide_01,19.0,KS017,F,2019-04-30,UCL,2019-09-12,restr,KS017,85.5813953488372,581.3333333333334,0.40574949999998466,17.158264608822897,-0.7835963694350441,0.15809428514768992,0.18013335871573943,0.16911382193171468
70,7d334e82-1270-4346-86c2-4a8b7530946d,wittenlab,ibl_neuropixel_brainwide_01,12.0,ibl_witten_13,M,2019-04-23,Princeton,2019-08-26,restr,ibl_witten_13,88.79581151832461,911.6666666666666,0.4295509999999467,11.879358524939382,14.620595655471778,0.06461017611693004,0.15809354015378146,0.11135185813535575
71,808d713e-2e6e-4b2e-ac84-a946a5a5fa9e,cortexlab,ibl_neuropixel_brainwide_01,30.0,KS020,M,2019-06-25,UCL,2019-11-15,restr,KS020,84.93150684931507,508.0,0.42825099999987515,18.336703650984344,-9.12024520030168,0.124530891531903,0.15338040376749723,0.13895564764970011
72,82a45288-a291-43f2-a3ef-6ee77f98abd6,mainenlab,ibl_neuropixel_brainwide_01,6.0,ZM_1084,M,2018-10-23,CCU,2019-01-30,CA,ZM_1084,91.32947976878613,922.0,0.4155000000000655,8.979241399238521,-3.0651332872127055,0.04214576873586926,0.15496440120018534,0.0985550849680273
73,842920aa-52e0-401c-8a81-260216b220fa,mainenlab,ibl_neuropixel_brainwide_01,10.0,ZM_3006,F,2019-11-10,CCU,2020-02-25,CA,ZM_3006,92.3076923076923,701.6666666666666,0.4245015000001331,13.372150278932116,-15.808747878480363,0.053342758581961094,0.09728615012192263,0.07531445435194187
74,85d379ee-a5d6-4adf-a611-16603494bcbb,mainenlab,ibl_neuropixel_brainwide_01,10.0,ZM_1928,F,2019-06-10,CCU,2019-10-07,CA,ZM_1928,88.63399374348279,650.0,0.44039999999995416,15.803549862331174,-9.75498315678835,0.10357264349494069,0.12428436808030699,0.11392850578762384
75,87caaddb-2863-42f7-b7d9-804bfba9c599,wittenlab,ibl_neuropixel_brainwide_01,26.0,ibl_witten_05,M,2018-11-06,Princeton,2019-03-26,restr,ibl_witten_05,93.03482587064677,884.6666666666666,0.3321000000000822,18.25691728967037,-1.3189480379697762,0.032319749116291235,0.151473317640416,0.09189653337835361
76,8b79e73e-20f9-4bdc-a78e-341511d893ca,mainenlab,ibl_neuropixel_brainwide_01,7.0,ZM_1098,M,2018-10-23,CCU,2019-02-07,CA,ZM_1098,88.52772466539197,846.6666666666666,0.5539989999997488,7.992455981292758,6.882039738694731,0.14793539506577677,0.07605894418793469,0.11199716962685573
77,8d652d52-a278-4a7d-afaf-2ec214e19b94,zadorlab,ibl_neuropixel_brainwide_01,7.0,CSH_ZAD_003,F,2019-04-16,CSHL,2019-08-16,CA,CSH_ZAD_003,92.78230500582072,645.6666666666666,0.5027000000000044,8.103723806974923,6.102305769345211,0.06743718973488613,0.08083012404957618,0.07413365689223116
78,8e283b43-3a44-4f30-b292-d6d975c7f935,wittenlab,ibl_neuropixel_brainwide_01,24.0,ibl_witten_02,M,2018-07-17,Princeton,2019-01-31,restr,ibl_witten_02,95.00756429652041,1111.3333333333333,0.4005534999998872,10.546979749334804,-3.1068812269388753,0.019708868229517312,0.1296678615734732,0.07468836490149526
79,8f6fc7ce-4de0-4b8b-973b-72fd70145b9c,churchlandlab,ibl_neuropixel_brainwide_01,42.0,CSHL_004,M,2018-11-20,CSHL,2019-04-29,CA,CSHL_004,89.77635782747603,929.6666666666666,0.24785000000019863,17.44655893732076,7.7924816483759765,0.039114487430726944,0.1954219529699415,0.11726822020033423
80,9253d979-544b-401c-93f8-5c5cd9793a11,mainenlab,ibl_neuropixel_brainwide_01,30.0,ZM_1898,F,2019-06-10,CCU,2019-11-18,CA,ZM_1898,94.8948948948949,1013.3333333333334,0.29955150000000685,17.918699694107108,8.30514307193249,0.06838990213436122,0.051177908572557836,0.059783905353459524
81,937bd78b-58d6-4987-8ecf-02450afb46f7,mainenlab,ibl_neuropixel_brainwide_01,10.0,ZM_1091,M,2018-10-23,CCU,2019-02-05,CA,ZM_1091,93.57476635514018,956.3333333333334,0.4182999999998174,17.66292847116749,-4.280120123124007,0.09957612091625112,0.059241300556320264,0.07940871073628569
82,9471b0ff-0027-4f06-94d8-0613e88f3878,mainenlab,ibl_neuropixel_brainwide_01,16.0,ZM_1371,M,2018-12-24,CCU,2019-04-24,CA,ZM_1371,89.65102286401925,709.6666666666666,0.34040000000021564,14.917421837359765,-7.615297347432014,0.106816382998871,0.13890111093946989,0.12285874696917044
83,94aca514-aeed-4189-8123-24099bb03452,danlab,ibl_neuropixel_brainwide_01,10.0,DY_008,M,2019-08-18,Berkeley,2019-12-06,restr,DY_008,88.28451882845188,520.0,0.6912000000002081,16.071997336905348,-12.018647113949589,0.05851423725071251,0.13868340151781805,0.09859881938426528
84,95241a9c-481b-443c-83a7-462165f729ec,angelakilab,ibl_neuropixel_brainwide_01,13.0,IBL-T3,F,2018-11-27,NYU,2019-02-27,CA,IBL-T3,87.01517706576728,927.3333333333334,0.38100099999991244,14.919138103175094,14.281704055414574,0.15397747598846703,0.09443900809250966,0.12420824204048835
85,9a131c3b-3f44-49d9-b943-7fe13e2dc838,wittenlab,ibl_neuropixel_brainwide_01,19.0,ibl_witten_20,M,2019-11-13,Princeton,2020-03-18,restr,ibl_witten_20,91.19638826185101,680.0,0.5224000000000615,11.86030881700992,5.828538688673105,0.15291206225974213,0.08217741661401062,0.11754473943687638
86,9a46fcfa-81cf-4742-87c0-bb95f90d5913,cortexlab,ibl_neuropixel_brainwide_01,4.0,KS015,M,2019-04-30,UCL,2019-08-10,restr,KS015,90.2439024390244,479.0,0.44050049999998464,16.30653214746218,6.6663346836648785,0.12891414642709903,0.06957555634292496,0.09924485138501199
87,9b471b07-5903-4baa-b56d-368d385c850c,danlab,ibl_neuropixel_brainwide_01,23.0,DY_005,M,2018-12-05,Berkeley,2019-06-11,restr,DY_005,91.55844155844156,471.0,0.7801020000001699,15.746767547134306,-9.43394949087622,0.015894206821272877,0.15069819988181365,0.08329620335154327
88,9bebfe0b-082e-4d66-aca7-fae29317f708,churchlandlab,ibl_neuropixel_brainwide_01,15.0,CSHL049,M,2019-08-06,CSHL,2019-11-26,CA,CSHL049,96.1630695443645,712.6666666666666,0.3248509999999669,18.58471176053992,13.643699364830887,0.05189378645869228,0.05331098207373593,0.05260238426621411
89,a44a4d9d-c0ea-447e-801e-6215e05072ea,mrsicflogellab,ibl_neuropixel_brainwide_01,11.0,SWC_023,M,2019-06-18,SWC,2019-09-20,restr,SWC_023,87.10691823899371,788.0,0.40465000000003215,10.887945195852431,1.096793432855056,0.19334774455245296,0.07196241773992293,0.13265508114618796
90,a9421832-3e50-4ace-9571-437fd2d7ac8e,mrsicflogellab,ibl_neuropixel_brainwide_01,26.0,IBL_002,F,2019-01-09,SWC,2019-05-22,restr,IBL_002,95.26184538653366,648.3333333333334,0.51949999999988,20.006523496509235,-6.898752720387178,0.033832530920921394,0.07818190425343441,0.0560072175871779
91,a96219e4-7f82-4572-bb38-83b84c5706ab,mainenlab,ibl_neuropixel_brainwide_01,33.0,ZM_2106,M,2019-06-10,CCU,2019-11-21,CA,ZM_2106,86.41390205371248,976.3333333333334,0.3141009999999369,12.666616140636375,-15.205458989793872,0.09010758680720068,0.18357890800322096,0.1368432474052108
92,ac6a0b24-026d-4e14-9fc1-c35db7ce9cd1,mrsicflogellab,ibl_neuropixel_brainwide_01,24.0,SWC_018,F,2019-05-07,SWC,2019-09-26,restr,SWC_018,92.22222222222223,421.0,0.51445050000018,14.550197146141844,7.066858021127736,0.12796084091965634,0.0472065625406689,0.08758370173016262
93,ac7dfc1e-0c3c-4a83-a52b-c16fd6ec0a94,churchlandlab,ibl_neuropixel_brainwide_01,13.0,CSHL_005,M,2018-11-20,CSHL,2019-03-18,CA,CSHL_005,95.65943238731218,917.0,0.3031999999998334,11.589235358661334,2.8364629822325327,0.09911624025197183,0.020479017830468273,0.059797629041220046
94,aca644d4-e7a0-4e67-95e1-342c2db95bc8,mrsicflogellab,ibl_neuropixel_brainwide_01,53.0,SWC_030,F,2019-08-16,SWC,2020-02-24,restr,SWC_030,88.44339622641509,657.0,0.7492004999998585,15.619955806801633,10.762486603060069,0.15006911065865178,0.1114253129370473,0.13074721179784954
95,adf9e948-262f-4fa0-84c6-85dae8a384b3,zadorlab,ibl_neuropixel_brainwide_01,8.0,CSH_ZAD_006,M,2019-05-06,CSHL,2019-09-05,CA,CSH_ZAD_006,97.08609271523179,495.0,0.5073010000000977,13.520885605512731,-2.589697589795055,0.018963068866368296,0.04813148722272136,0.033547278044544826
96,b04fd8a4-1ba4-4bc2-9593-238386281a6c,churchlandlab,ibl_neuropixel_brainwide_01,45.0,CSHL045,M,2019-08-06,CSHL,2020-01-16,CA,CSHL045,97.20930232558139,1057.3333333333333,0.35330100000010134,18.806330448985896,-0.5602648733484796,0.015110028739120207,0.04184742777722998,0.028478728258175094
97,b4cb0a93-4975-4a2d-aa12-94461d457594,angelakilab,ibl_neuropixel_brainwide_01,17.0,NYU-12,F,2019-08-27,NYU,2019-11-25,CA,NYU-12,88.17204301075269,1198.3333333333333,0.38150100000075327,17.887331982971318,-6.438922124398619,0.19939694764074833,0.03143115190859781,0.11541404977467307
98,b55c97f2-1024-4b16-9774-2d9049942f98,mainenlab,ibl_neuropixel_brainwide_01,20.0,ZM_2241,F,2019-08-12,CCU,2019-12-17,CA,ZM_2241,94.83282674772036,995.6666666666666,0.3472510000001421,19.42601748016907,4.800976648532404,0.016006253391611117,0.09607692392489278,0.05604158865825195
99,b57c1934-f9d1-4dc4-a474-e2cb4acdf918,cortexlab,ibl_neuropixel_brainwide_01,15.0,KS022,M,2019-06-25,UCL,2019-10-17,restr,KS022,89.59537572254335,563.6666666666666,0.40250050000003057,10.075238302589895,1.9941112093080595,0.1471963422828535,0.09094250185300667,0.11906942206793009
100,bbcaba58-d8e8-40b9-8f2f-01697cfe754d,cortexlab,ibl_neuropixel_brainwide_01,33.0,KS005,F,2018-12-04,UCL,2019-05-14,restr,KS005,95.07494646680942,1434.3333333333333,0.2800000000000047,17.876712540006007,-11.154736365089764,0.020913207422943912,0.11370301961110826,0.06730811351702609
101,bc381af7-631d-4ed0-95f9-8231c830158a,danlab,ibl_neuropixel_brainwide_01,6.0,DY_001,M,2018-11-30,Berkeley,2019-03-11,restr,DY_001,91.54518950437318,410.3333333333333,0.45885150000003705,13.566371213475028,-13.993458753538782,0.048960830542144805,0.11177996635430451,0.08037039844822466
102,bc7dbe81-1c5d-41a3-afeb-82e61b6abf94,cortexlab,ibl_neuropixel_brainwide_01,37.0,KS018,F,2019-04-30,UCL,2019-10-11,restr,KS018,89.01515151515152,401.3333333333333,0.6767505000000256,16.34831221774282,-14.36381957300281,0.029964953893590697,0.18585749003445756,0.10791122196402413
103,bdc2ab7c-e9c9-43a9-b53d-6d3937d204f7,mainenlab,ibl_neuropixel_brainwide_01,15.0,ZM_1369,M,2018-12-24,CCU,2019-04-22,CA,ZM_1369,88.06584362139918,545.3333333333334,0.4265000000000043,16.9310681262957,0.7972887755350065,0.07050853826052639,0.18058552856299423,0.12554703341176032
104,c00e0ffb-b8c6-4953-b9e7-975a3f4fd989,wittenlab,ibl_neuropixel_brainwide_01,6.0,ibl_witten_14,M,2019-04-23,Princeton,2019-08-16,restr,ibl_witten_14,87.42304309586632,621.6666666666666,0.359050500000194,14.82642711324516,12.958470289246756,0.11898866346009701,0.10655223614065823,0.11277044980037762
105,c0131499-855d-4513-851b-037438214cf6,zadorlab,ibl_neuropixel_brainwide_01,15.0,CSH_ZAD_017,F,2019-11-12,CSHL,2020-03-13,CA,CSH_ZAD_017,89.30348258706468,626.6666666666666,0.3358000000000061,8.534299034045286,-6.967312457438226,0.1239278617798143,0.13164974828761544,0.12778880503371487
106,c25a02e4-d912-4c7e-8381-5cc1cec06faf,hoferlab,ibl_neuropixel_brainwide_01,20.0,SWC_014,M,2019-06-04,SWC,2019-09-20,restr,SWC_014,87.56756756756758,544.0,0.45859999999993306,16.24453466791887,11.48147777893363,0.19385075473584037,0.04851868585055752,0.12118472029319895
107,c387f80c-7a5c-4f11-a8e1-fe6ba3ed8cfe,cortexlab,ibl_neuropixel_brainwide_01,9.0,KS024,F,2019-06-25,UCL,2019-10-15,restr,KS024,91.82968929804373,713.0,0.38340050000012127,11.195157032933324,-2.1332023473608617,0.10775201706545828,0.10856137149987773,0.108156694282668
108,c6e8125f-b6c7-4349-b74d-32e8bd606f63,cortexlab,ibl_neuropixel_brainwide_01,5.0,KS023,F,2019-06-25,UCL,2019-10-11,restr,KS023,91.16161616161617,447.6666666666667,0.48899999999991905,9.588489514466929,3.259814385388525,0.13091850173536926,0.08030272233465284,0.10561061203501104
109,c8b4e70d-3f13-42f6-ba22-ffb92c26beaf,wittenlab,ibl_neuropixel_brainwide_01,9.0,ibl_witten_04,M,2018-11-06,Princeton,2019-02-19,restr,ibl_witten_04,90.15444015444015,1214.0,0.37085000000001855,17.211156065644676,6.823584635715571,0.19865057691801782,0.020025722589197312,0.10933814975360756
110,cb21532d-eb0f-4706-b088-bf4afc65e81a,mainenlab,ibl_neuropixel_brainwide_01,9.0,ZM_2107,M,2019-06-10,CCU,2019-10-03,CA,ZM_2107,83.56254092992796,902.3333333333334,0.26765049999994517,13.423383003033194,-7.009839565389369,0.1567694589791895,0.15354414300139924,0.15515680099029439
111,cb761037-e499-4ba4-a7b3-9be8b8410cbc,wittenlab,ibl_neuropixel_brainwide_01,14.0,ibl_witten_16,M,2019-04-23,Princeton,2019-08-28,restr,ibl_witten_16,91.13924050632912,751.0,0.49000100000000657,15.414721590446868,-12.2792315230914,0.08506173757412472,0.10769171910356246,0.09637672833884359
112,ccf1fcaa-11c8-4c3b-a8ec-7f5df35d7605,mainenlab,ibl_neuropixel_brainwide_01,20.0,ZM_3001,M,2019-11-10,CCU,2020-03-10,CA,ZM_3001,94.73684210526315,646.6666666666666,0.5259004999998638,17.04770539916897,-13.44996205649036,0.012563274349911956,0.12418436141103065,0.0683738178804713
113,ce22048c-79d2-4498-b385-67baea41258d,zadorlab,ibl_neuropixel_brainwide_01,14.0,CSH_ZAD_005,F,2019-04-16,CSHL,2019-08-30,CA,CSH_ZAD_005,90.65743944636678,510.3333333333333,0.4445494999999937,16.197541902662916,12.497160780271809,0.14175791053044778,0.03597880863963182,0.0888683595850398
114,cff66dc1-765e-4e04-abef-92de05bf4f19,angelakilab,ibl_neuropixel_brainwide_01,10.0,IBL-T1,M,2018-11-27,NYU,2019-02-21,CA,IBL-T1,93.95161290322581,864.25,0.29835099999991144,9.465023317261569,0.5494376892940597,0.09508748249563967,0.041606828607382046,0.06834715555151086
115,d1c7418a-77c8-43d5-bfe3-2f91e858252d,wittenlab,ibl_neuropixel_brainwide_01,6.0,ibl_witten_12,F,2019-03-19,Princeton,2019-07-16,restr,ibl_witten_12,90.76175040518638,686.3333333333334,0.34029999999984284,11.853631485380983,-0.45365178112419097,0.08559925607879817,0.1755453027167862,0.1305722793977922
116,d528fe0e-ac52-4fdc-bfb9-c545e44ded66,danlab,ibl_neuropixel_brainwide_01,4.0,DY_011,M,2019-08-18,Berkeley,2019-11-27,restr,DY_011,86.08108108108108,416.3333333333333,0.6605999999999312,13.004659527441158,6.841450414658993,0.1348739175867073,0.09411224915979548,0.1144930833732514
117,d6e6aa02-a6ec-4d35-a89d-bfe4c7684ba2,mrsicflogellab,ibl_neuropixel_brainwide_01,23.0,SWC_039,F,2019-12-11,SWC,2020-03-17,restr,SWC_039,90.55793991416309,718.0,0.372800499999812,13.738913634717491,-14.069149329383919,0.08961649675052868,0.1412213044796245,0.11541890061507659
118,da62bb12-f2f0-4e90-9d9a-413a8537b33b,mainenlab,ibl_neuropixel_brainwide_01,21.0,ZM_1372,F,2018-12-31,CCU,2019-05-02,CA,ZM_1372,87.19153936545241,684.3333333333334,0.4656999999999698,6.7401997427715035,7.93615417172296,0.13312333370128873,0.15280702650875097,0.14296518010501985
119,df2d615d-f8e1-41e5-bcab-480c8e4ba09f,angelakilab,ibl_neuropixel_brainwide_01,10.0,NYU-06,F,2019-02-26,NYU,2019-06-12,CA,NYU-06,92.97971918876755,1005.3333333333334,0.46465150000005906,15.388864445498081,-1.6372152226356365,0.11416517279876014,0.06930282651424205,0.09173399965650109
120,dffc24bc-bd97-4c2a-bef3-3e9320dc3dd7,churchlandlab,ibl_neuropixel_brainwide_01,35.0,CSHL046,M,2019-08-06,CSHL,2020-01-02,CA,CSHL046,91.59369527145358,682.3333333333334,0.4591505000000211,17.408486608371884,15.08779033514893,0.10756598335804991,0.07340974438723419,0.09048786387264204
121,e0648c91-1b52-47be-9c74-be614af8ba76,hoferlab,ibl_neuropixel_brainwide_01,24.0,SWC_015,M,2019-06-04,SWC,2019-09-25,restr,SWC_015,85.36585365853658,661.0,0.5340009999996482,8.84803426000404,8.552603229495068,0.19453051605025268,0.10733815513384644,0.15093433559204955
122,e0b2075a-7a47-473c-9cdd-426dd20f6dfa,zadorlab,ibl_neuropixel_brainwide_01,8.0,CSH_ZAD_002,F,2019-04-16,CSHL,2019-08-20,CA,CSH_ZAD_002,90.11406844106465,484.6666666666667,1.7068000000000438,8.282339096279305,-7.807239904556375,0.02531409838487165,0.1764162271708607,0.10086516277786617
123,e1ceadd7-e3c2-4fd9-98bc-148f17dd60c6,mainenlab,ibl_neuropixel_brainwide_01,27.0,ZM_1367,M,2018-12-24,CCU,2019-05-09,CA,ZM_1367,95.1219512195122,1035.6666666666667,0.2537999999999556,18.000122756359044,3.7804859596177076,0.010294697405282712,0.12035021284894085,0.06532245512711178
124,e4064c7b-9783-4999-82f9-f3b116e97cef,churchlandlab,ibl_neuropixel_brainwide_01,44.0,CSHL052,F,2019-08-13,CSHL,2020-01-22,CA,CSHL052,87.21461187214612,485.75,0.4468000000001098,12.087682523081533,4.5699516060924,0.22186267126199805,0.05701576410866706,0.13943921768533254
125,e9cac4f8-effa-462a-8e41-323c58ef86dd,cortexlab,ibl_neuropixel_brainwide_01,48.0,KS002,M,2018-10-30,UCL,2019-06-06,restr,KS002,92.17252396166134,966.3333333333334,0.25305200000002515,15.364205435762734,-9.659680767118296,0.024229843232367508,0.18302409272071613,0.10362696797654182
126,ecba4914-30c3-4a0b-9d65-1ef5d80ca5f2,churchlandlab,ibl_neuropixel_brainwide_01,41.0,CSHL_001,M,2018-11-20,CSHL,2019-04-25,CA,CSHL_001,90.97222222222221,991.3333333333334,0.24279999999998836,18.80340848159411,8.619497771845644,0.19015158122279566,0.04820538410111812,0.11917848266195688
127,ed8918e4-6a37-4b3d-9b4d-daa14eca0c70,churchlandlab,ibl_neuropixel_brainwide_01,15.0,CSHL059,M,2019-10-15,CSHL,2020-02-11,CA,CSHL059,93.82113821138212,796.0,0.33240200000000186,18.729700566630907,10.013587428556429,0.056059491537721606,0.07309749228009664,0.06457849190890913
128,ee1a2b83-ab8d-4b71-8d23-04f7b21b1595,angelakilab,ibl_neuropixel_brainwide_01,23.0,NYU-04,M,2018-12-18,NYU,2019-04-29,CA,NYU-04,96.29629629629629,414.0,0.4777999999998883,15.46387278582458,3.68021202133192,0.04915352077176375,0.05226677238707515,0.050710146579419454
129,f01b97ab-0d2c-4825-b87f-b29f6daf3979,angelakilab,ibl_neuropixel_brainwide_01,57.0,NYU-07,F,2019-02-26,NYU,2019-08-30,CA,NYU-07,89.29336188436831,759.6666666666666,0.6709020000000692,10.491632050591814,1.103761747076598,0.073344065160967,0.178940366697445,0.126142215929206
130,f365dcc4-7523-4abd-9021-265f39b7290a,mainenlab,ibl_neuropixel_brainwide_01,8.0,ZM_1097,M,2018-10-23,CCU,2019-02-08,CA,ZM_1097,90.21317829457365,800.0,0.3980505000000676,13.272600346192222,-2.203311312358702,0.13276141474355346,0.10524455546630385,0.11900298510492865
131,f3acdbcd-7c95-4dc8-b13e-8310048000c5,danlab,ibl_neuropixel_brainwide_01,18.0,DY_002,M,2018-12-05,Berkeley,2019-05-02,restr,DY_002,91.19010819165379,392.6666666666667,0.5555990000000293,17.95810212387206,-10.698224385056932,0.035478815238142794,0.1271143052121942,0.08129656022516848
132,f498ba9d-d983-43fd-b8c1-b22ec919018e,angelakilab,ibl_neuropixel_brainwide_01,13.0,IBL-T2,F,2018-11-27,NYU,2019-02-25,CA,IBL-T2,91.65818921668361,1100.25,0.3746999999999616,13.457569243951308,1.4335443847610618,0.1172844606872161,0.04206919643905585,0.07967682856313597
133,f659a8e5-d32d-4805-b050-9b70f063a174,churchlandlab,ibl_neuropixel_brainwide_01,21.0,CSHL054,F,2019-08-13,CSHL,2019-12-13,CA,CSHL054,92.61213720316623,558.6666666666666,0.7015010000000075,18.21944404865509,4.276091919169394,0.01588365532211989,0.1382215758771192,0.07705261559961954
134,f7964cba-0846-4796-bcee-0b97d91b1326,mrsicflogellab,ibl_neuropixel_brainwide_01,47.0,IBL_001,F,2019-01-09,SWC,2019-06-25,restr,IBL_001,94.26751592356688,743.0,0.42190000000005057,11.095577767176731,-3.275376601061681,0.04597786036977773,0.1377130471602745,0.09184545376502612
135,fb3c491d-233c-4ee0-abfa-5ea0222cd080,mainenlab,ibl_neuropixel_brainwide_01,6.0,ZM_1086,M,2018-10-23,CCU,2019-01-30,CA,ZM_1086,86.24420401854714,857.3333333333334,0.4569509999997763,5.19577143588331,3.0107988763886637,0.12739740880329786,0.18192479814885765,0.15466110347607775
136,fb5e4b77-4057-4887-bf20-50f2459333eb,churchlandlab,ibl_neuropixel_brainwide_01,26.0,CSHL_012,F,2019-02-19,CSHL,2019-07-30,CA,CSHL_012,91.55555555555556,698.3333333333334,0.5784004999998729,15.119941018869993,-13.938228151361745,0.08421672631147424,0.07735661060071278,0.0807866684560935
137,fdfa9a26-75fd-49c4-a4ed-1768cfd861ca,danlab,ibl_neuropixel_brainwide_01,5.0,DY_009,M,2019-08-18,Berkeley,2019-11-28,restr,DY_009,94.76439790575915,442.3333333333333,0.8501020000001063,18.05910216184219,-11.298979336218085,0.019255800221616326,0.13423310345959402,0.07674445184060517
138,ffcd8c5e-fe0c-4d6d-8418-d9152f1746f1,mainenlab,ibl_neuropixel_brainwide_01,8.0,ZM_2240,M,2019-08-12,CCU,2019-11-29,CA,ZM_2240,91.42857142857143,787.3333333333334,0.42530100000021775,7.060674951671752,9.416954347590412,0.1581956769534574,0.09850994488475648,0.12835281091910694
