,subject_uuid,session_date,subject_nickname,sex,subject_birth_date,ear_mark,subject_line,subject_source,protocol_number,subject_description,subject_ts,subject_strain,avg_weight,session_day,condition
0,034c07c5-69b0-48c7-ab3e-e491e4dbb725,2018-08-11,IBL_25,M,2018-04-23,,C57BL/6NCrl,Charles River,1,,2019-08-06 21:30:42,C57BL/6N,1.0085836922573264,2,1
1,034c07c5-69b0-48c7-ab3e-e491e4dbb725,2018-08-20,IBL_25,M,2018-04-23,,C57BL/6NCrl,Charles River,1,,2019-08-06 21:30:42,C57BL/6N,1.0042918303862678,11,1
2,034c07c5-69b0-48c7-ab3e-e491e4dbb725,2018-08-29,IBL_25,M,2018-04-23,,C57BL/6NCrl,Charles River,1,,2019-08-06 21:30:42,C57BL/6N,1.0085836922573264,20,6
3,034c07c5-69b0-48c7-ab3e-e491e4dbb725,2018-09-07,IBL_25,M,2018-04-23,,C57BL/6NCrl,Charles River,1,,2019-08-06 21:30:42,C57BL/6N,1.012875554128385,29,6
4,034c07c5-69b0-48c7-ab3e-e491e4dbb725,2018-09-19,IBL_25,M,2018-04-23,,C57BL/6NCrl,Charles River,1,,2019-08-06 21:30:42,C57BL/6N,0.9991416616293626,41,5
5,034c07c5-69b0-48c7-ab3e-e491e4dbb725,2018-10-01,IBL_25,M,2018-04-23,,C57BL/6NCrl,Charles River,1,,2019-08-06 21:30:42,C57BL/6N,1.0158798328799892,53,5
6,034c07c5-69b0-48c7-ab3e-e491e4dbb725,2018-08-12,IBL_25,M,2018-04-23,,C57BL/6NCrl,Charles River,1,,2019-08-06 21:30:42,C57BL/6N,0.995708188504607,3,1
8,034c07c5-69b0-48c7-ab3e-e491e4dbb725,2018-08-30,IBL_25,M,2018-04-23,,C57BL/6NCrl,Charles River,1,,2019-08-06 21:30:42,C57BL/6N,1.0042918303862678,21,6
9,034c07c5-69b0-48c7-ab3e-e491e4dbb725,2018-09-09,IBL_25,M,2018-04-23,,C57BL/6NCrl,Charles River,1,,2019-08-06 21:30:42,C57BL/6N,0.982832602891431,31,6
10,034c07c5-69b0-48c7-ab3e-e491e4dbb725,2018-09-20,IBL_25,M,2018-04-23,,C57BL/6NCrl,Charles River,1,,2019-08-06 21:30:42,C57BL/6N,1.0081544978841748,42,5
11,034c07c5-69b0-48c7-ab3e-e491e4dbb725,2018-10-03,IBL_25,M,2018-04-23,,C57BL/6NCrl,Charles River,1,,2019-08-06 21:30:42,C57BL/6N,1.030042919752163,55,5
12,034c07c5-69b0-48c7-ab3e-e491e4dbb725,2018-08-13,IBL_25,M,2018-04-23,,C57BL/6NCrl,Charles River,1,,2019-08-06 21:30:42,C57BL/6N,0.9914163266335483,4,1
13,034c07c5-69b0-48c7-ab3e-e491e4dbb725,2018-08-22,IBL_25,M,2018-04-23,,C57BL/6NCrl,Charles River,1,,2019-08-06 21:30:42,C57BL/6N,0.9871244647624896,13,1
14,034c07c5-69b0-48c7-ab3e-e491e4dbb725,2018-08-31,IBL_25,M,2018-04-23,,C57BL/6NCrl,Charles River,1,,2019-08-06 21:30:42,C57BL/6N,1.0042918303862678,22,6
15,034c07c5-69b0-48c7-ab3e-e491e4dbb725,2018-09-10,IBL_25,M,2018-04-23,,C57BL/6NCrl,Charles River,1,,2019-08-06 21:30:42,C57BL/6N,0.9742489610097702,32,6
16,034c07c5-69b0-48c7-ab3e-e491e4dbb725,2018-09-21,IBL_25,M,2018-04-23,,C57BL/6NCrl,Charles River,1,,2019-08-06 21:30:42,C57BL/6N,1.0214591960100459,43,5
17,034c07c5-69b0-48c7-ab3e-e491e4dbb725,2018-08-14,IBL_25,M,2018-04-23,,C57BL/6NCrl,Charles River,1,,2019-08-06 21:30:42,C57BL/6N,0.982832602891431,5,1
18,034c07c5-69b0-48c7-ab3e-e491e4dbb725,2018-08-24,IBL_25,M,2018-04-23,,C57BL/6NCrl,Charles River,1,,2019-08-06 21:30:42,C57BL/6N,1.0214591960100459,15,1
19,034c07c5-69b0-48c7-ab3e-e491e4dbb725,2018-09-01,IBL_25,M,2018-04-23,,C57BL/6NCrl,Charles River,1,,2019-08-06 21:30:42,C57BL/6N,0.9999999685152091,23,6
20,034c07c5-69b0-48c7-ab3e-e491e4dbb725,2018-09-11,IBL_25,M,2018-04-23,,C57BL/6NCrl,Charles River,1,,2019-08-06 21:30:42,C57BL/6N,0.982832602891431,33,6
21,034c07c5-69b0-48c7-ab3e-e491e4dbb725,2018-09-23,IBL_25,M,2018-04-23,,C57BL/6NCrl,Charles River,1,,2019-08-06 21:30:42,C57BL/6N,1.012875554128385,45,5
22,034c07c5-69b0-48c7-ab3e-e491e4dbb725,2018-08-15,IBL_25,M,2018-04-23,,C57BL/6NCrl,Charles River,1,,2019-08-06 21:30:42,C57BL/6N,0.995708188504607,6,1
23,034c07c5-69b0-48c7-ab3e-e491e4dbb725,2018-08-25,IBL_25,M,2018-04-23,,C57BL/6NCrl,Charles River,1,,2019-08-06 21:30:42,C57BL/6N,0.995708188504607,16,6
24,034c07c5-69b0-48c7-ab3e-e491e4dbb725,2018-09-02,IBL_25,M,2018-04-23,,C57BL/6NCrl,Charles River,1,,2019-08-06 21:30:42,C57BL/6N,0.982832602891431,24,6
25,034c07c5-69b0-48c7-ab3e-e491e4dbb725,2018-09-12,IBL_25,M,2018-04-23,,C57BL/6NCrl,Charles River,1,,2019-08-06 21:30:42,C57BL/6N,0.9914163266335483,34,6
26,034c07c5-69b0-48c7-ab3e-e491e4dbb725,2018-09-24,IBL_25,M,2018-04-23,,C57BL/6NCrl,Charles River,1,,2019-08-06 21:30:42,C57BL/6N,1.0248926691348015,46,5
27,034c07c5-69b0-48c7-ab3e-e491e4dbb725,2018-08-16,IBL_25,M,2018-04-23,,C57BL/6NCrl,Charles River,1,,2019-08-06 21:30:42,C57BL/6N,0.9914163266335483,7,1
28,034c07c5-69b0-48c7-ab3e-e491e4dbb725,2018-08-26,IBL_25,M,2018-04-23,,C57BL/6NCrl,Charles River,1,,2019-08-06 21:30:42,C57BL/6N,0.9999999685152091,17,6
29,034c07c5-69b0-48c7-ab3e-e491e4dbb725,2018-09-04,IBL_25,M,2018-04-23,,C57BL/6NCrl,Charles River,1,,2019-08-06 21:30:42,C57BL/6N,0.995708188504607,26,6
30,034c07c5-69b0-48c7-ab3e-e491e4dbb725,2018-09-13,IBL_25,M,2018-04-23,,C57BL/6NCrl,Charles River,1,,2019-08-06 21:30:42,C57BL/6N,0.9699570991387115,35,6
31,034c07c5-69b0-48c7-ab3e-e491e4dbb725,2018-09-25,IBL_25,M,2018-04-23,,C57BL/6NCrl,Charles River,1,,2019-08-06 21:30:42,C57BL/6N,1.0467810910027897,47,5
32,034c07c5-69b0-48c7-ab3e-e491e4dbb725,2018-08-09,IBL_25,M,2018-04-23,,C57BL/6NCrl,Charles River,1,,2019-08-06 21:30:42,C57BL/6N,1.0429184235048825,0,1
33,034c07c5-69b0-48c7-ab3e-e491e4dbb725,2018-08-17,IBL_25,M,2018-04-23,,C57BL/6NCrl,Charles River,1,,2019-08-06 21:30:42,C57BL/6N,0.982832602891431,8,1
34,034c07c5-69b0-48c7-ab3e-e491e4dbb725,2018-08-27,IBL_25,M,2018-04-23,,C57BL/6NCrl,Charles River,1,,2019-08-06 21:30:42,C57BL/6N,0.9699570991387115,18,6
35,034c07c5-69b0-48c7-ab3e-e491e4dbb725,2018-09-05,IBL_25,M,2018-04-23,,C57BL/6NCrl,Charles River,1,,2019-08-06 21:30:42,C57BL/6N,1.0171674159994437,27,6
36,034c07c5-69b0-48c7-ab3e-e491e4dbb725,2018-09-14,IBL_25,M,2018-04-23,,C57BL/6NCrl,Charles River,1,,2019-08-06 21:30:42,C57BL/6N,0.9991416616293626,36,6
37,034c07c5-69b0-48c7-ab3e-e491e4dbb725,2018-09-26,IBL_25,M,2018-04-23,,C57BL/6NCrl,Charles River,1,,2019-08-06 21:30:42,C57BL/6N,1.0214591960100459,48,5
38,034c07c5-69b0-48c7-ab3e-e491e4dbb725,2018-08-10,IBL_25,M,2018-04-23,,C57BL/6NCrl,Charles River,1,,2019-08-06 21:30:42,C57BL/6N,1.0257510578811044,1,1
39,034c07c5-69b0-48c7-ab3e-e491e4dbb725,2018-08-19,IBL_25,M,2018-04-23,,C57BL/6NCrl,Charles River,1,,2019-08-06 21:30:42,C57BL/6N,0.9699570991387115,10,1
40,034c07c5-69b0-48c7-ab3e-e491e4dbb725,2018-08-28,IBL_25,M,2018-04-23,,C57BL/6NCrl,Charles River,1,,2019-08-06 21:30:42,C57BL/6N,1.0085836922573264,19,6
41,034c07c5-69b0-48c7-ab3e-e491e4dbb725,2018-09-06,IBL_25,M,2018-04-23,,C57BL/6NCrl,Charles River,1,,2019-08-06 21:30:42,C57BL/6N,1.02918453100586,28,6
42,034c07c5-69b0-48c7-ab3e-e491e4dbb725,2018-09-17,IBL_25,M,2018-04-23,,C57BL/6NCrl,Charles River,1,,2019-08-06 21:30:42,C57BL/6N,1.012875554128385,39,6
43,034c07c5-69b0-48c7-ab3e-e491e4dbb725,2018-09-27,IBL_25,M,2018-04-23,,C57BL/6NCrl,Charles River,1,,2019-08-06 21:30:42,C57BL/6N,1.030042919752163,49,5
44,278bf922-073e-4ef4-90b5-ccf4e25e08fe,2018-08-10,IBL_26,M,2018-04-23,,C57BL/6NCrl,Charles River,1,,2019-08-06 21:30:42,C57BL/6N,1.0497476475976038,1,1
45,278bf922-073e-4ef4-90b5-ccf4e25e08fe,2018-08-19,IBL_26,M,2018-04-23,,C57BL/6NCrl,Charles River,1,,2019-08-06 21:30:42,C57BL/6N,0.9747656536151718,10,1
46,278bf922-073e-4ef4-90b5-ccf4e25e08fe,2018-08-28,IBL_26,M,2018-04-23,,C57BL/6NCrl,Charles River,1,,2019-08-06 21:30:42,C57BL/6N,1.0122566952991283,19,6
47,278bf922-073e-4ef4-90b5-ccf4e25e08fe,2018-09-06,IBL_26,M,2018-04-23,,C57BL/6NCrl,Charles River,1,,2019-08-06 21:30:42,C57BL/6N,1.0745854593612694,28,6
48,278bf922-073e-4ef4-90b5-ccf4e25e08fe,2018-09-17,IBL_26,M,2018-04-23,,C57BL/6NCrl,Charles River,1,,2019-08-06 21:30:42,C57BL/6N,1.073179515130521,39,6
49,278bf922-073e-4ef4-90b5-ccf4e25e08fe,2018-09-27,IBL_26,M,2018-04-23,,C57BL/6NCrl,Charles River,1,,2019-08-06 21:30:42,C57BL/6N,1.031002171448366,49,5
50,278bf922-073e-4ef4-90b5-ccf4e25e08fe,2018-08-11,IBL_26,M,2018-04-23,,C57BL/6NCrl,Charles River,1,,2019-08-06 21:30:42,C57BL/6N,1.0122566952991283,2,1
51,278bf922-073e-4ef4-90b5-ccf4e25e08fe,2018-08-20,IBL_26,M,2018-04-23,,C57BL/6NCrl,Charles River,1,,2019-08-06 21:30:42,C57BL/6N,1.0028839125317688,11,1
52,278bf922-073e-4ef4-90b5-ccf4e25e08fe,2018-08-29,IBL_26,M,2018-04-23,,C57BL/6NCrl,Charles River,1,,2019-08-06 21:30:42,C57BL/6N,1.0263157800646863,20,6
53,278bf922-073e-4ef4-90b5-ccf4e25e08fe,2018-09-07,IBL_26,M,2018-04-23,,C57BL/6NCrl,Charles River,1,,2019-08-06 21:30:42,C57BL/6N,1.0497476475976038,29,6
54,278bf922-073e-4ef4-90b5-ccf4e25e08fe,2018-09-19,IBL_26,M,2018-04-23,,C57BL/6NCrl,Charles River,1,,2019-08-06 21:30:42,C57BL/6N,1.0877072479729952,41,5
55,278bf922-073e-4ef4-90b5-ccf4e25e08fe,2018-10-01,IBL_26,M,2018-04-23,,C57BL/6NCrl,Charles River,1,,2019-08-06 21:30:42,C57BL/6N,1.0455299042908401,53,5
56,278bf922-073e-4ef4-90b5-ccf4e25e08fe,2018-08-12,IBL_26,M,2018-04-23,,C57BL/6NCrl,Charles River,1,,2019-08-06 21:30:42,C57BL/6N,1.0122566952991283,3,1
58,278bf922-073e-4ef4-90b5-ccf4e25e08fe,2018-08-30,IBL_26,M,2018-04-23,,C57BL/6NCrl,Charles River,1,,2019-08-06 21:30:42,C57BL/6N,1.031002171448366,21,6
59,278bf922-073e-4ef4-90b5-ccf4e25e08fe,2018-09-08,IBL_26,M,2018-04-23,,C57BL/6NCrl,Charles River,1,,2019-08-06 21:30:42,C57BL/6N,1.059120430364963,30,6
60,278bf922-073e-4ef4-90b5-ccf4e25e08fe,2018-09-20,IBL_26,M,2018-04-23,,C57BL/6NCrl,Charles River,1,,2019-08-06 21:30:42,C57BL/6N,1.0713050122083378,42,5
61,278bf922-073e-4ef4-90b5-ccf4e25e08fe,2018-10-03,IBL_26,M,2018-04-23,,C57BL/6NCrl,Charles River,1,,2019-08-06 21:30:42,C57BL/6N,1.031002171448366,55,5
62,278bf922-073e-4ef4-90b5-ccf4e25e08fe,2018-08-13,IBL_26,M,2018-04-23,,C57BL/6NCrl,Charles River,1,,2019-08-06 21:30:42,C57BL/6N,1.0075703039154484,4,1
63,278bf922-073e-4ef4-90b5-ccf4e25e08fe,2018-08-22,IBL_26,M,2018-04-23,,C57BL/6NCrl,Charles River,1,,2019-08-06 21:30:42,C57BL/6N,0.9794520449988514,13,1
64,278bf922-073e-4ef4-90b5-ccf4e25e08fe,2018-08-31,IBL_26,M,2018-04-23,,C57BL/6NCrl,Charles River,1,,2019-08-06 21:30:42,C57BL/6N,1.0216293886810066,22,6
65,278bf922-073e-4ef4-90b5-ccf4e25e08fe,2018-09-10,IBL_26,M,2018-04-23,,C57BL/6NCrl,Charles River,1,,2019-08-06 21:30:42,C57BL/6N,1.045061256213924,32,6
66,278bf922-073e-4ef4-90b5-ccf4e25e08fe,2018-09-21,IBL_26,M,2018-04-23,,C57BL/6NCrl,Charles River,1,,2019-08-06 21:30:42,C57BL/6N,1.0961427345865224,43,5
67,278bf922-073e-4ef4-90b5-ccf4e25e08fe,2018-08-14,IBL_26,M,2018-04-23,,C57BL/6NCrl,Charles River,1,,2019-08-06 21:30:42,C57BL/6N,0.9794520449988514,5,1
68,278bf922-073e-4ef4-90b5-ccf4e25e08fe,2018-08-24,IBL_26,M,2018-04-23,,C57BL/6NCrl,Charles River,1,,2019-08-06 21:30:42,C57BL/6N,1.0122566952991283,15,1
69,278bf922-073e-4ef4-90b5-ccf4e25e08fe,2018-09-01,IBL_26,M,2018-04-23,,C57BL/6NCrl,Charles River,1,,2019-08-06 21:30:42,C57BL/6N,1.031002171448366,23,6
70,278bf922-073e-4ef4-90b5-ccf4e25e08fe,2018-09-11,IBL_26,M,2018-04-23,,C57BL/6NCrl,Charles River,1,,2019-08-06 21:30:42,C57BL/6N,1.073179515130521,33,6
71,278bf922-073e-4ef4-90b5-ccf4e25e08fe,2018-09-23,IBL_26,M,2018-04-23,,C57BL/6NCrl,Charles River,1,,2019-08-06 21:30:42,C57BL/6N,1.0778659065142007,45,5
72,278bf922-073e-4ef4-90b5-ccf4e25e08fe,2018-08-15,IBL_26,M,2018-04-23,,C57BL/6NCrl,Charles River,1,,2019-08-06 21:30:42,C57BL/6N,0.9794520449988514,6,1
73,278bf922-073e-4ef4-90b5-ccf4e25e08fe,2018-08-25,IBL_26,M,2018-04-23,,C57BL/6NCrl,Charles River,1,,2019-08-06 21:30:42,C57BL/6N,1.0028839125317688,16,6
74,278bf922-073e-4ef4-90b5-ccf4e25e08fe,2018-09-02,IBL_26,M,2018-04-23,,C57BL/6NCrl,Charles River,1,,2019-08-06 21:30:42,C57BL/6N,1.0403749542157252,24,6
75,278bf922-073e-4ef4-90b5-ccf4e25e08fe,2018-09-12,IBL_26,M,2018-04-23,,C57BL/6NCrl,Charles River,1,,2019-08-06 21:30:42,C57BL/6N,1.073179515130521,34,6
76,278bf922-073e-4ef4-90b5-ccf4e25e08fe,2018-09-24,IBL_26,M,2018-04-23,,C57BL/6NCrl,Charles River,1,,2019-08-06 21:30:42,C57BL/6N,1.0778659065142007,46,5
77,278bf922-073e-4ef4-90b5-ccf4e25e08fe,2018-08-16,IBL_26,M,2018-04-23,,C57BL/6NCrl,Charles River,1,,2019-08-06 21:30:42,C57BL/6N,0.9513337860822544,7,1
78,278bf922-073e-4ef4-90b5-ccf4e25e08fe,2018-08-26,IBL_26,M,2018-04-23,,C57BL/6NCrl,Charles River,1,,2019-08-06 21:30:42,C57BL/6N,1.0075703039154484,17,6
79,278bf922-073e-4ef4-90b5-ccf4e25e08fe,2018-09-04,IBL_26,M,2018-04-23,,C57BL/6NCrl,Charles River,1,,2019-08-06 21:30:42,C57BL/6N,1.045061256213924,26,6
80,278bf922-073e-4ef4-90b5-ccf4e25e08fe,2018-09-13,IBL_26,M,2018-04-23,,C57BL/6NCrl,Charles River,1,,2019-08-06 21:30:42,C57BL/6N,1.031002171448366,35,6
81,278bf922-073e-4ef4-90b5-ccf4e25e08fe,2018-09-25,IBL_26,M,2018-04-23,,C57BL/6NCrl,Charles River,1,,2019-08-06 21:30:42,C57BL/6N,1.0867700412046442,47,5
82,278bf922-073e-4ef4-90b5-ccf4e25e08fe,2018-08-09,IBL_26,M,2018-04-23,,C57BL/6NCrl,Charles River,1,,2019-08-06 21:30:42,C57BL/6N,1.0825522978978805,0,1
83,278bf922-073e-4ef4-90b5-ccf4e25e08fe,2018-08-17,IBL_26,M,2018-04-23,,C57BL/6NCrl,Charles River,1,,2019-08-06 21:30:42,C57BL/6N,0.956020177465934,8,1
84,278bf922-073e-4ef4-90b5-ccf4e25e08fe,2018-08-27,IBL_26,M,2018-04-23,,C57BL/6NCrl,Charles River,1,,2019-08-06 21:30:42,C57BL/6N,1.0028839125317688,18,6
85,278bf922-073e-4ef4-90b5-ccf4e25e08fe,2018-09-05,IBL_26,M,2018-04-23,,C57BL/6NCrl,Charles River,1,,2019-08-06 21:30:42,C57BL/6N,1.0497476475976038,27,6
86,278bf922-073e-4ef4-90b5-ccf4e25e08fe,2018-09-14,IBL_26,M,2018-04-23,,C57BL/6NCrl,Charles River,1,,2019-08-06 21:30:42,C57BL/6N,1.0698990679775897,36,6
87,278bf922-073e-4ef4-90b5-ccf4e25e08fe,2018-09-26,IBL_26,M,2018-04-23,,C57BL/6NCrl,Charles River,1,,2019-08-06 21:30:42,C57BL/6N,1.045061256213924,48,5
88,56b81bb0-fffb-4875-9cd6-29465782fb0e,2018-08-10,IBL_24,M,2018-04-23,,C57BL/6NCrl,Charles River,1,,2019-08-06 21:30:42,C57BL/6N,0.988130584707526,1,1
89,56b81bb0-fffb-4875-9cd6-29465782fb0e,2018-08-22,IBL_24,M,2018-04-23,,C57BL/6NCrl,Charles River,1,,2019-08-06 21:30:42,C57BL/6N,1.019287803387638,13,1
90,56b81bb0-fffb-4875-9cd6-29465782fb0e,2018-08-31,IBL_24,M,2018-04-23,,C57BL/6NCrl,Charles River,1,,2019-08-06 21:30:42,C57BL/6N,1.0014836662994566,22,6
91,56b81bb0-fffb-4875-9cd6-29465782fb0e,2018-09-09,IBL_24,M,2018-04-23,,C57BL/6NCrl,Charles River,1,,2019-08-06 21:30:42,C57BL/6N,0.9970326108032056,31,6
92,56b81bb0-fffb-4875-9cd6-29465782fb0e,2018-09-20,IBL_24,M,2018-04-23,,C57BL/6NCrl,Charles River,1,,2019-08-06 21:30:42,C57BL/6N,1.0415429959720703,42,5
93,56b81bb0-fffb-4875-9cd6-29465782fb0e,2018-10-03,IBL_24,M,2018-04-23,,C57BL/6NCrl,Charles River,1,,2019-08-06 21:30:42,C57BL/6N,1.0682492440527536,55,5
94,56b81bb0-fffb-4875-9cd6-29465782fb0e,2018-08-11,IBL_24,M,2018-04-23,,C57BL/6NCrl,Charles River,1,,2019-08-06 21:30:42,C57BL/6N,0.9747774182187733,2,1
95,56b81bb0-fffb-4875-9cd6-29465782fb0e,2018-08-24,IBL_24,M,2018-04-23,,C57BL/6NCrl,Charles River,1,,2019-08-06 21:30:42,C57BL/6N,1.0059347217957075,15,1
96,56b81bb0-fffb-4875-9cd6-29465782fb0e,2018-09-01,IBL_24,M,2018-04-23,,C57BL/6NCrl,Charles River,1,,2019-08-06 21:30:42,C57BL/6N,1.019287803387638,23,6
97,56b81bb0-fffb-4875-9cd6-29465782fb0e,2018-09-10,IBL_24,M,2018-04-23,,C57BL/6NCrl,Charles River,1,,2019-08-06 21:30:42,C57BL/6N,1.0014836662994566,32,6
98,56b81bb0-fffb-4875-9cd6-29465782fb0e,2018-09-21,IBL_24,M,2018-04-23,,C57BL/6NCrl,Charles River,1,,2019-08-06 21:30:42,C57BL/6N,1.0749257848487188,43,5
99,56b81bb0-fffb-4875-9cd6-29465782fb0e,2018-08-13,IBL_24,M,2018-04-23,,C57BL/6NCrl,Charles River,1,,2019-08-06 21:30:42,C57BL/6N,0.9836795292112751,4,1
100,56b81bb0-fffb-4875-9cd6-29465782fb0e,2018-08-25,IBL_24,M,2018-04-23,,C57BL/6NCrl,Charles River,1,,2019-08-06 21:30:42,C57BL/6N,0.988130584707526,16,6
101,56b81bb0-fffb-4875-9cd6-29465782fb0e,2018-09-02,IBL_24,M,2018-04-23,,C57BL/6NCrl,Charles River,1,,2019-08-06 21:30:42,C57BL/6N,1.0103857772919584,24,6
102,56b81bb0-fffb-4875-9cd6-29465782fb0e,2018-09-11,IBL_24,M,2018-04-23,,C57BL/6NCrl,Charles River,1,,2019-08-06 21:30:42,C57BL/6N,1.0103857772919584,33,6
103,56b81bb0-fffb-4875-9cd6-29465782fb0e,2018-09-23,IBL_24,M,2018-04-23,,C57BL/6NCrl,Charles River,1,,2019-08-06 21:30:42,C57BL/6N,1.0771513550452556,45,5
104,56b81bb0-fffb-4875-9cd6-29465782fb0e,2018-08-14,IBL_24,M,2018-04-23,,C57BL/6NCrl,Charles River,1,,2019-08-06 21:30:42,C57BL/6N,0.9658753921230937,5,1
105,56b81bb0-fffb-4875-9cd6-29465782fb0e,2018-08-26,IBL_24,M,2018-04-23,,C57BL/6NCrl,Charles River,1,,2019-08-06 21:30:42,C57BL/6N,0.9747774182187733,17,6
106,56b81bb0-fffb-4875-9cd6-29465782fb0e,2018-09-04,IBL_24,M,2018-04-23,,C57BL/6NCrl,Charles River,1,,2019-08-06 21:30:42,C57BL/6N,1.0326409698763908,26,6
107,56b81bb0-fffb-4875-9cd6-29465782fb0e,2018-09-12,IBL_24,M,2018-04-23,,C57BL/6NCrl,Charles River,1,,2019-08-06 21:30:42,C57BL/6N,0.9792284737150242,34,6
108,56b81bb0-fffb-4875-9cd6-29465782fb0e,2018-09-24,IBL_24,M,2018-04-23,,C57BL/6NCrl,Charles River,1,,2019-08-06 21:30:42,C57BL/6N,1.0847181239198354,46,5
109,56b81bb0-fffb-4875-9cd6-29465782fb0e,2018-08-16,IBL_24,M,2018-04-23,,C57BL/6NCrl,Charles River,1,,2019-08-06 21:30:42,C57BL/6N,1.0103857772919584,7,1
110,56b81bb0-fffb-4875-9cd6-29465782fb0e,2018-08-27,IBL_24,M,2018-04-23,,C57BL/6NCrl,Charles River,1,,2019-08-06 21:30:42,C57BL/6N,0.9703263627225223,18,6
111,56b81bb0-fffb-4875-9cd6-29465782fb0e,2018-09-05,IBL_24,M,2018-04-23,,C57BL/6NCrl,Charles River,1,,2019-08-06 21:30:42,C57BL/6N,1.0459940514683213,27,6
112,56b81bb0-fffb-4875-9cd6-29465782fb0e,2018-09-13,IBL_24,M,2018-04-23,,C57BL/6NCrl,Charles River,1,,2019-08-06 21:30:42,C57BL/6N,1.0148367478913871,35,6
113,56b81bb0-fffb-4875-9cd6-29465782fb0e,2018-09-25,IBL_24,M,2018-04-23,,C57BL/6NCrl,Charles River,1,,2019-08-06 21:30:42,C57BL/6N,1.0780414982270479,47,5
114,56b81bb0-fffb-4875-9cd6-29465782fb0e,2018-08-19,IBL_24,M,2018-04-23,,C57BL/6NCrl,Charles River,1,,2019-08-06 21:30:42,C57BL/6N,1.019287803387638,10,1
115,56b81bb0-fffb-4875-9cd6-29465782fb0e,2018-08-28,IBL_24,M,2018-04-23,,C57BL/6NCrl,Charles River,1,,2019-08-06 21:30:42,C57BL/6N,1.0148367478913871,19,6
116,56b81bb0-fffb-4875-9cd6-29465782fb0e,2018-09-06,IBL_24,M,2018-04-23,,C57BL/6NCrl,Charles River,1,,2019-08-06 21:30:42,C57BL/6N,1.0415429959720703,28,6
117,56b81bb0-fffb-4875-9cd6-29465782fb0e,2018-09-14,IBL_24,M,2018-04-23,,C57BL/6NCrl,Charles River,1,,2019-08-06 21:30:42,C57BL/6N,1.0397626247116634,36,6
118,56b81bb0-fffb-4875-9cd6-29465782fb0e,2018-09-26,IBL_24,M,2018-04-23,,C57BL/6NCrl,Charles River,1,,2019-08-06 21:30:42,C57BL/6N,1.054896162460823,48,5
119,56b81bb0-fffb-4875-9cd6-29465782fb0e,2018-08-20,IBL_24,M,2018-04-23,,C57BL/6NCrl,Charles River,1,,2019-08-06 21:30:42,C57BL/6N,1.0326409698763908,11,1
120,56b81bb0-fffb-4875-9cd6-29465782fb0e,2018-08-29,IBL_24,M,2018-04-23,,C57BL/6NCrl,Charles River,1,,2019-08-06 21:30:42,C57BL/6N,1.0014836662994566,20,6
121,56b81bb0-fffb-4875-9cd6-29465782fb0e,2018-09-07,IBL_24,M,2018-04-23,,C57BL/6NCrl,Charles River,1,,2019-08-06 21:30:42,C57BL/6N,1.019287803387638,29,6
122,56b81bb0-fffb-4875-9cd6-29465782fb0e,2018-09-17,IBL_24,M,2018-04-23,,C57BL/6NCrl,Charles River,1,,2019-08-06 21:30:42,C57BL/6N,1.0459940514683213,39,6
123,56b81bb0-fffb-4875-9cd6-29465782fb0e,2018-09-27,IBL_24,M,2018-04-23,,C57BL/6NCrl,Charles River,1,,2019-08-06 21:30:42,C57BL/6N,1.0682492440527536,49,5
125,56b81bb0-fffb-4875-9cd6-29465782fb0e,2018-08-30,IBL_24,M,2018-04-23,,C57BL/6NCrl,Charles River,1,,2019-08-06 21:30:42,C57BL/6N,1.0148367478913871,21,6
126,56b81bb0-fffb-4875-9cd6-29465782fb0e,2018-09-08,IBL_24,M,2018-04-23,,C57BL/6NCrl,Charles River,1,,2019-08-06 21:30:42,C57BL/6N,1.0148367478913871,30,6
127,56b81bb0-fffb-4875-9cd6-29465782fb0e,2018-09-19,IBL_24,M,2018-04-23,,C57BL/6NCrl,Charles River,1,,2019-08-06 21:30:42,C57BL/6N,1.070029700209983,41,5
128,56b81bb0-fffb-4875-9cd6-29465782fb0e,2018-10-01,IBL_24,M,2018-04-23,,C57BL/6NCrl,Charles River,1,,2019-08-06 21:30:42,C57BL/6N,1.0402077387509707,53,5
129,64ff6fea-89a5-449d-a9f4-53f4b200e7db,2018-08-10,IBL_20,M,2018-04-23,,C57BL/6NCrl,Charles River,1,,2019-08-06 21:30:42,C57BL/6N,1.0295302179835786,1,1
130,64ff6fea-89a5-449d-a9f4-53f4b200e7db,2018-08-19,IBL_20,M,2018-04-23,,C57BL/6NCrl,Charles River,1,,2019-08-06 21:30:42,C57BL/6N,0.9771811914123945,10,1
131,64ff6fea-89a5-449d-a9f4-53f4b200e7db,2018-08-28,IBL_20,M,2018-04-23,,C57BL/6NCrl,Charles River,1,,2019-08-06 21:30:42,C57BL/6N,1.02080535248622,19,6
132,64ff6fea-89a5-449d-a9f4-53f4b200e7db,2018-09-06,IBL_20,M,2018-04-23,,C57BL/6NCrl,Charles River,1,,2019-08-06 21:30:42,C57BL/6N,1.0103355638132798,28,6
133,64ff6fea-89a5-449d-a9f4-53f4b200e7db,2018-09-14,IBL_20,M,2018-04-23,,C57BL/6NCrl,Charles River,1,,2019-08-06 21:30:42,C57BL/6N,0.9728187586637151,36,6
134,64ff6fea-89a5-449d-a9f4-53f4b200e7db,2018-09-26,IBL_20,M,2018-04-23,,C57BL/6NCrl,Charles River,1,,2019-08-06 21:30:42,C57BL/6N,0.9422818958359277,48,5
135,64ff6fea-89a5-449d-a9f4-53f4b200e7db,2018-08-11,IBL_20,M,2018-04-23,,C57BL/6NCrl,Charles River,1,,2019-08-06 21:30:42,C57BL/6N,0.9989932719493072,2,1
136,64ff6fea-89a5-449d-a9f4-53f4b200e7db,2018-08-20,IBL_20,M,2018-04-23,,C57BL/6NCrl,Charles River,1,,2019-08-06 21:30:42,C57BL/6N,1.0251677852348993,11,1
137,64ff6fea-89a5-449d-a9f4-53f4b200e7db,2018-08-29,IBL_20,M,2018-04-23,,C57BL/6NCrl,Charles River,1,,2019-08-06 21:30:42,C57BL/6N,1.0120805701953453,20,6
138,64ff6fea-89a5-449d-a9f4-53f4b200e7db,2018-09-07,IBL_20,M,2018-04-23,,C57BL/6NCrl,Charles River,1,,2019-08-06 21:30:42,C57BL/6N,0.9859060569097532,29,6
139,64ff6fea-89a5-449d-a9f4-53f4b200e7db,2018-09-17,IBL_20,M,2018-04-23,,C57BL/6NCrl,Charles River,1,,2019-08-06 21:30:42,C57BL/6N,0.9422818958359277,39,6
140,64ff6fea-89a5-449d-a9f4-53f4b200e7db,2018-09-27,IBL_20,M,2018-04-23,,C57BL/6NCrl,Charles River,1,,2019-08-06 21:30:42,C57BL/6N,1.0033557046979866,49,5
141,64ff6fea-89a5-449d-a9f4-53f4b200e7db,2018-08-12,IBL_20,M,2018-04-23,,C57BL/6NCrl,Charles River,1,,2019-08-06 21:30:42,C57BL/6N,1.0120805701953453,3,1
143,64ff6fea-89a5-449d-a9f4-53f4b200e7db,2018-08-30,IBL_20,M,2018-04-23,,C57BL/6NCrl,Charles River,1,,2019-08-06 21:30:42,C57BL/6N,1.007718137446666,21,6
144,64ff6fea-89a5-449d-a9f4-53f4b200e7db,2018-09-08,IBL_20,M,2018-04-23,,C57BL/6NCrl,Charles River,1,,2019-08-06 21:30:42,C57BL/6N,0.959731543624161,30,6
145,64ff6fea-89a5-449d-a9f4-53f4b200e7db,2018-09-19,IBL_20,M,2018-04-23,,C57BL/6NCrl,Charles River,1,,2019-08-06 21:30:42,C57BL/6N,0.9527516845088677,41,5
146,64ff6fea-89a5-449d-a9f4-53f4b200e7db,2018-10-01,IBL_20,M,2018-04-23,,C57BL/6NCrl,Charles River,1,,2019-08-06 21:30:42,C57BL/6N,1.028657714792546,53,5
147,64ff6fea-89a5-449d-a9f4-53f4b200e7db,2018-08-13,IBL_20,M,2018-04-23,,C57BL/6NCrl,Charles River,1,,2019-08-06 21:30:42,C57BL/6N,0.9859060569097532,4,1
148,64ff6fea-89a5-449d-a9f4-53f4b200e7db,2018-08-22,IBL_20,M,2018-04-23,,C57BL/6NCrl,Charles River,1,,2019-08-06 21:30:42,C57BL/6N,1.007718137446666,13,1
149,64ff6fea-89a5-449d-a9f4-53f4b200e7db,2018-08-31,IBL_20,M,2018-04-23,,C57BL/6NCrl,Charles River,1,,2019-08-06 21:30:42,C57BL/6N,1.0295302179835786,22,6
150,64ff6fea-89a5-449d-a9f4-53f4b200e7db,2018-09-09,IBL_20,M,2018-04-23,,C57BL/6NCrl,Charles River,1,,2019-08-06 21:30:42,C57BL/6N,0.9728187586637151,31,6
151,64ff6fea-89a5-449d-a9f4-53f4b200e7db,2018-09-20,IBL_20,M,2018-04-23,,C57BL/6NCrl,Charles River,1,,2019-08-06 21:30:42,C57BL/6N,0.964966479563873,42,5
152,64ff6fea-89a5-449d-a9f4-53f4b200e7db,2018-10-03,IBL_20,M,2018-04-23,,C57BL/6NCrl,Charles River,1,,2019-08-06 21:30:42,C57BL/6N,1.0033557046979866,55,5
153,64ff6fea-89a5-449d-a9f4-53f4b200e7db,2018-08-14,IBL_20,M,2018-04-23,,C57BL/6NCrl,Charles River,1,,2019-08-06 21:30:42,C57BL/6N,1.0164429197375406,5,1
154,64ff6fea-89a5-449d-a9f4-53f4b200e7db,2018-08-24,IBL_20,M,2018-04-23,,C57BL/6NCrl,Charles River,1,,2019-08-06 21:30:42,C57BL/6N,0.9989932719493072,15,1
155,64ff6fea-89a5-449d-a9f4-53f4b200e7db,2018-09-01,IBL_20,M,2018-04-23,,C57BL/6NCrl,Charles River,1,,2019-08-06 21:30:42,C57BL/6N,1.02080535248622,23,6
156,64ff6fea-89a5-449d-a9f4-53f4b200e7db,2018-09-10,IBL_20,M,2018-04-23,,C57BL/6NCrl,Charles River,1,,2019-08-06 21:30:42,C57BL/6N,0.959731543624161,32,6
157,64ff6fea-89a5-449d-a9f4-53f4b200e7db,2018-09-21,IBL_20,M,2018-04-23,,C57BL/6NCrl,Charles River,1,,2019-08-06 21:30:42,C57BL/6N,0.9806711209700412,43,5
158,64ff6fea-89a5-449d-a9f4-53f4b200e7db,2018-08-15,IBL_20,M,2018-04-23,,C57BL/6NCrl,Charles River,1,,2019-08-06 21:30:42,C57BL/6N,0.959731543624161,6,1
159,64ff6fea-89a5-449d-a9f4-53f4b200e7db,2018-08-25,IBL_20,M,2018-04-23,,C57BL/6NCrl,Charles River,1,,2019-08-06 21:30:42,C57BL/6N,1.0120805701953453,16,6
160,64ff6fea-89a5-449d-a9f4-53f4b200e7db,2018-09-02,IBL_20,M,2018-04-23,,C57BL/6NCrl,Charles River,1,,2019-08-06 21:30:42,C57BL/6N,1.007718137446666,24,6
161,64ff6fea-89a5-449d-a9f4-53f4b200e7db,2018-09-11,IBL_20,M,2018-04-23,,C57BL/6NCrl,Charles River,1,,2019-08-06 21:30:42,C57BL/6N,0.9728187586637151,33,6
162,64ff6fea-89a5-449d-a9f4-53f4b200e7db,2018-09-23,IBL_20,M,2018-04-23,,C57BL/6NCrl,Charles River,1,,2019-08-06 21:30:42,C57BL/6N,0.9684564091215198,45,5
163,64ff6fea-89a5-449d-a9f4-53f4b200e7db,2018-08-16,IBL_20,M,2018-04-23,,C57BL/6NCrl,Charles River,1,,2019-08-06 21:30:42,C57BL/6N,0.9946308392006279,7,1
164,64ff6fea-89a5-449d-a9f4-53f4b200e7db,2018-08-26,IBL_20,M,2018-04-23,,C57BL/6NCrl,Charles River,1,,2019-08-06 21:30:42,C57BL/6N,1.0033557046979866,17,6
165,64ff6fea-89a5-449d-a9f4-53f4b200e7db,2018-09-04,IBL_20,M,2018-04-23,,C57BL/6NCrl,Charles River,1,,2019-08-06 21:30:42,C57BL/6N,1.0120805701953453,26,6
166,64ff6fea-89a5-449d-a9f4-53f4b200e7db,2018-09-12,IBL_20,M,2018-04-23,,C57BL/6NCrl,Charles River,1,,2019-08-06 21:30:42,C57BL/6N,0.9771811914123945,34,6
167,64ff6fea-89a5-449d-a9f4-53f4b200e7db,2018-09-24,IBL_20,M,2018-04-23,,C57BL/6NCrl,Charles River,1,,2019-08-06 21:30:42,C57BL/6N,0.9867785601007858,46,5
168,64ff6fea-89a5-449d-a9f4-53f4b200e7db,2018-08-09,IBL_20,M,2018-04-23,,C57BL/6NCrl,Charles River,1,,2019-08-06 21:30:42,C57BL/6N,1.0033557046979866,0,1
169,64ff6fea-89a5-449d-a9f4-53f4b200e7db,2018-08-17,IBL_20,M,2018-04-23,,C57BL/6NCrl,Charles River,1,,2019-08-06 21:30:42,C57BL/6N,0.9902684896584325,8,1
170,64ff6fea-89a5-449d-a9f4-53f4b200e7db,2018-08-27,IBL_20,M,2018-04-23,,C57BL/6NCrl,Charles River,1,,2019-08-06 21:30:42,C57BL/6N,1.007718137446666,18,6
171,64ff6fea-89a5-449d-a9f4-53f4b200e7db,2018-09-05,IBL_20,M,2018-04-23,,C57BL/6NCrl,Charles River,1,,2019-08-06 21:30:42,C57BL/6N,1.0120805701953453,27,6
172,64ff6fea-89a5-449d-a9f4-53f4b200e7db,2018-09-13,IBL_20,M,2018-04-23,,C57BL/6NCrl,Charles River,1,,2019-08-06 21:30:42,C57BL/6N,0.9771811914123945,35,6
173,64ff6fea-89a5-449d-a9f4-53f4b200e7db,2018-09-25,IBL_20,M,2018-04-23,,C57BL/6NCrl,Charles River,1,,2019-08-06 21:30:42,C57BL/6N,0.9784899461989435,47,5
174,6af88109-8b3d-485c-8486-f8b35d2bf061,2018-08-10,IBL_23,M,2018-04-23,,C57BL/6NCrl,Charles River,1,,2019-08-06 21:30:42,C57BL/6N,1.0479212778201945,1,1
175,6af88109-8b3d-485c-8486-f8b35d2bf061,2018-08-19,IBL_23,M,2018-04-23,,C57BL/6NCrl,Charles River,1,,2019-08-06 21:30:42,C57BL/6N,0.9819104719365852,10,1
176,6af88109-8b3d-485c-8486-f8b35d2bf061,2018-08-29,IBL_23,M,2018-04-23,,C57BL/6NCrl,Charles River,1,,2019-08-06 21:30:42,C57BL/6N,0.9654077901384314,20,6
177,6af88109-8b3d-485c-8486-f8b35d2bf061,2018-09-07,IBL_23,M,2018-04-23,,C57BL/6NCrl,Charles River,1,,2019-08-06 21:30:42,C57BL/6N,0.9654077901384314,29,6
178,6af88109-8b3d-485c-8486-f8b35d2bf061,2018-09-17,IBL_23,M,2018-04-23,,C57BL/6NCrl,Charles River,1,,2019-08-06 21:30:42,C57BL/6N,0.9612821000161444,39,6
179,6af88109-8b3d-485c-8486-f8b35d2bf061,2018-09-27,IBL_23,M,2018-04-23,,C57BL/6NCrl,Charles River,1,,2019-08-06 21:30:42,C57BL/6N,1.0726753398629223,49,5
180,6af88109-8b3d-485c-8486-f8b35d2bf061,2018-08-11,IBL_23,M,2018-04-23,,C57BL/6NCrl,Charles River,1,,2019-08-06 21:30:42,C57BL/6N,1.0355442861443278,2,1
181,6af88109-8b3d-485c-8486-f8b35d2bf061,2018-08-20,IBL_23,M,2018-04-23,,C57BL/6NCrl,Charles River,1,,2019-08-06 21:30:42,C57BL/6N,1.002538843857026,11,1
182,6af88109-8b3d-485c-8486-f8b35d2bf061,2018-08-30,IBL_23,M,2018-04-23,,C57BL/6NCrl,Charles River,1,,2019-08-06 21:30:42,C57BL/6N,0.9777848605052922,21,6
183,6af88109-8b3d-485c-8486-f8b35d2bf061,2018-09-08,IBL_23,M,2018-04-23,,C57BL/6NCrl,Charles River,1,,2019-08-06 21:30:42,C57BL/6N,0.9695334802607183,30,6
184,6af88109-8b3d-485c-8486-f8b35d2bf061,2018-09-19,IBL_23,M,2018-04-23,,C57BL/6NCrl,Charles River,1,,2019-08-06 21:30:42,C57BL/6N,1.0359568630256557,41,5
185,6af88109-8b3d-485c-8486-f8b35d2bf061,2018-10-01,IBL_23,M,2018-04-23,,C57BL/6NCrl,Charles River,1,,2019-08-06 21:30:42,C57BL/6N,1.0788638357008558,53,5
186,6af88109-8b3d-485c-8486-f8b35d2bf061,2018-08-12,IBL_23,M,2018-04-23,,C57BL/6NCrl,Charles River,1,,2019-08-06 21:30:42,C57BL/6N,1.0190416043461739,3,1
187,6af88109-8b3d-485c-8486-f8b35d2bf061,2018-08-22,IBL_23,M,2018-04-23,,C57BL/6NCrl,Charles River,1,,2019-08-06 21:30:42,C57BL/6N,1.0190416043461739,13,1
188,6af88109-8b3d-485c-8486-f8b35d2bf061,2018-08-31,IBL_23,M,2018-04-23,,C57BL/6NCrl,Charles River,1,,2019-08-06 21:30:42,C57BL/6N,1.006664533979313,22,6
189,6af88109-8b3d-485c-8486-f8b35d2bf061,2018-09-09,IBL_23,M,2018-04-23,,C57BL/6NCrl,Charles River,1,,2019-08-06 21:30:42,C57BL/6N,0.9530307984625644,31,6
190,6af88109-8b3d-485c-8486-f8b35d2bf061,2018-09-20,IBL_23,M,2018-04-23,,C57BL/6NCrl,Charles River,1,,2019-08-06 21:30:42,C57BL/6N,1.0338939786190153,42,5
191,6af88109-8b3d-485c-8486-f8b35d2bf061,2018-10-03,IBL_23,M,2018-04-23,,C57BL/6NCrl,Charles River,1,,2019-08-06 21:30:42,C57BL/6N,1.0726753398629223,55,5
192,6af88109-8b3d-485c-8486-f8b35d2bf061,2018-08-13,IBL_23,M,2018-04-23,,C57BL/6NCrl,Charles River,1,,2019-08-06 21:30:42,C57BL/6N,0.9942875423034461,4,1
193,6af88109-8b3d-485c-8486-f8b35d2bf061,2018-08-24,IBL_23,M,2018-04-23,,C57BL/6NCrl,Charles River,1,,2019-08-06 21:30:42,C57BL/6N,1.0149159142238868,15,1
194,6af88109-8b3d-485c-8486-f8b35d2bf061,2018-09-01,IBL_23,M,2018-04-23,,C57BL/6NCrl,Charles River,1,,2019-08-06 21:30:42,C57BL/6N,0.9901618521811592,23,6
195,6af88109-8b3d-485c-8486-f8b35d2bf061,2018-09-10,IBL_23,M,2018-04-23,,C57BL/6NCrl,Charles River,1,,2019-08-06 21:30:42,C57BL/6N,0.9571564885848514,32,6
196,6af88109-8b3d-485c-8486-f8b35d2bf061,2018-09-21,IBL_23,M,2018-04-23,,C57BL/6NCrl,Charles River,1,,2019-08-06 21:30:42,C57BL/6N,1.0648365364996766,43,5
197,6af88109-8b3d-485c-8486-f8b35d2bf061,2018-08-14,IBL_23,M,2018-04-23,,C57BL/6NCrl,Charles River,1,,2019-08-06 21:30:42,C57BL/6N,0.9695334802607183,5,1
198,6af88109-8b3d-485c-8486-f8b35d2bf061,2018-08-25,IBL_23,M,2018-04-23,,C57BL/6NCrl,Charles River,1,,2019-08-06 21:30:42,C57BL/6N,0.9819104719365852,16,6
199,6af88109-8b3d-485c-8486-f8b35d2bf061,2018-09-02,IBL_23,M,2018-04-23,,C57BL/6NCrl,Charles River,1,,2019-08-06 21:30:42,C57BL/6N,0.9777848605052922,24,6
200,6af88109-8b3d-485c-8486-f8b35d2bf061,2018-09-11,IBL_23,M,2018-04-23,,C57BL/6NCrl,Charles River,1,,2019-08-06 21:30:42,C57BL/6N,0.9942875423034461,33,6
201,6af88109-8b3d-485c-8486-f8b35d2bf061,2018-09-23,IBL_23,M,2018-04-23,,C57BL/6NCrl,Charles River,1,,2019-08-06 21:30:42,C57BL/6N,1.0520469679424815,45,5
202,6af88109-8b3d-485c-8486-f8b35d2bf061,2018-08-15,IBL_23,M,2018-04-23,,C57BL/6NCrl,Charles River,1,,2019-08-06 21:30:42,C57BL/6N,0.9571564885848514,6,1
203,6af88109-8b3d-485c-8486-f8b35d2bf061,2018-08-26,IBL_23,M,2018-04-23,,C57BL/6NCrl,Charles River,1,,2019-08-06 21:30:42,C57BL/6N,0.9612821000161444,17,6
204,6af88109-8b3d-485c-8486-f8b35d2bf061,2018-09-04,IBL_23,M,2018-04-23,,C57BL/6NCrl,Charles River,1,,2019-08-06 21:30:42,C57BL/6N,0.9777848605052922,26,6
205,6af88109-8b3d-485c-8486-f8b35d2bf061,2018-09-12,IBL_23,M,2018-04-23,,C57BL/6NCrl,Charles River,1,,2019-08-06 21:30:42,C57BL/6N,0.9736591703830053,34,6
206,6af88109-8b3d-485c-8486-f8b35d2bf061,2018-09-24,IBL_23,M,2018-04-23,,C57BL/6NCrl,Charles River,1,,2019-08-06 21:30:42,C57BL/6N,1.0644239596183485,46,5
207,6af88109-8b3d-485c-8486-f8b35d2bf061,2018-08-16,IBL_23,M,2018-04-23,,C57BL/6NCrl,Charles River,1,,2019-08-06 21:30:42,C57BL/6N,0.9612821000161444,7,1
208,6af88109-8b3d-485c-8486-f8b35d2bf061,2018-08-27,IBL_23,M,2018-04-23,,C57BL/6NCrl,Charles River,1,,2019-08-06 21:30:42,C57BL/6N,0.9282767364198367,18,6
209,6af88109-8b3d-485c-8486-f8b35d2bf061,2018-09-05,IBL_23,M,2018-04-23,,C57BL/6NCrl,Charles River,1,,2019-08-06 21:30:42,C57BL/6N,0.998413232425733,27,6
210,6af88109-8b3d-485c-8486-f8b35d2bf061,2018-09-13,IBL_23,M,2018-04-23,,C57BL/6NCrl,Charles River,1,,2019-08-06 21:30:42,C57BL/6N,0.9695334802607183,35,6
211,6af88109-8b3d-485c-8486-f8b35d2bf061,2018-09-25,IBL_23,M,2018-04-23,,C57BL/6NCrl,Charles River,1,,2019-08-06 21:30:42,C57BL/6N,1.083402102704471,47,5
212,6af88109-8b3d-485c-8486-f8b35d2bf061,2018-08-09,IBL_23,M,2018-04-23,,C57BL/6NCrl,Charles River,1,,2019-08-06 21:30:42,C57BL/6N,1.0437955876979077,0,1
213,6af88109-8b3d-485c-8486-f8b35d2bf061,2018-08-17,IBL_23,M,2018-04-23,,C57BL/6NCrl,Charles River,1,,2019-08-06 21:30:42,C57BL/6N,0.9530307984625644,8,1
214,6af88109-8b3d-485c-8486-f8b35d2bf061,2018-08-28,IBL_23,M,2018-04-23,,C57BL/6NCrl,Charles River,1,,2019-08-06 21:30:42,C57BL/6N,0.9612821000161444,19,6
215,6af88109-8b3d-485c-8486-f8b35d2bf061,2018-09-06,IBL_23,M,2018-04-23,,C57BL/6NCrl,Charles River,1,,2019-08-06 21:30:42,C57BL/6N,0.9757219760986517,28,6
216,6af88109-8b3d-485c-8486-f8b35d2bf061,2018-09-14,IBL_23,M,2018-04-23,,C57BL/6NCrl,Charles River,1,,2019-08-06 21:30:42,C57BL/6N,1.0079022646232974,36,6
217,6af88109-8b3d-485c-8486-f8b35d2bf061,2018-09-26,IBL_23,M,2018-04-23,,C57BL/6NCrl,Charles River,1,,2019-08-06 21:30:42,C57BL/6N,1.0396699762666146,48,5
218,a7ccdd67-8443-458a-a0ba-2f76a826a7a7,2018-08-13,IBL_21,M,2018-04-23,,C57BL/6NCrl,Charles River,1,,2019-08-06 21:30:42,C57BL/6N,0.9693985536715592,4,1
219,a7ccdd67-8443-458a-a0ba-2f76a826a7a7,2018-08-22,IBL_21,M,2018-04-23,,C57BL/6NCrl,Charles River,1,,2019-08-06 21:30:42,C57BL/6N,0.9876890743186282,13,1
220,a7ccdd67-8443-458a-a0ba-2f76a826a7a7,2018-08-31,IBL_21,M,2018-04-23,,C57BL/6NCrl,Charles River,1,,2019-08-06 21:30:42,C57BL/6N,0.992261726284416,22,6
221,a7ccdd67-8443-458a-a0ba-2f76a826a7a7,2018-09-09,IBL_21,M,2018-04-23,,C57BL/6NCrl,Charles River,1,,2019-08-06 21:30:42,C57BL/6N,0.8688005592885567,31,6
222,a7ccdd67-8443-458a-a0ba-2f76a826a7a7,2018-09-20,IBL_21,M,2018-04-23,,C57BL/6NCrl,Charles River,1,,2019-08-06 21:30:42,C57BL/6N,0.918642282561871,42,5
223,a7ccdd67-8443-458a-a0ba-2f76a826a7a7,2018-10-03,IBL_21,M,2018-04-23,,C57BL/6NCrl,Charles River,1,,2019-08-06 21:30:42,C57BL/6N,0.9145269045142702,55,5
224,a7ccdd67-8443-458a-a0ba-2f76a826a7a7,2018-08-14,IBL_21,M,2018-04-23,,C57BL/6NCrl,Charles River,1,,2019-08-06 21:30:42,C57BL/6N,0.9831164223528405,5,1
225,a7ccdd67-8443-458a-a0ba-2f76a826a7a7,2018-08-24,IBL_21,M,2018-04-23,,C57BL/6NCrl,Charles River,1,,2019-08-06 21:30:42,C57BL/6N,0.9785437703870526,15,1
226,a7ccdd67-8443-458a-a0ba-2f76a826a7a7,2018-09-01,IBL_21,M,2018-04-23,,C57BL/6NCrl,Charles River,1,,2019-08-06 21:30:42,C57BL/6N,0.992261726284416,23,6
227,a7ccdd67-8443-458a-a0ba-2f76a826a7a7,2018-09-10,IBL_21,M,2018-04-23,,C57BL/6NCrl,Charles River,1,,2019-08-06 21:30:42,C57BL/6N,0.8322195179944186,32,6
228,a7ccdd67-8443-458a-a0ba-2f76a826a7a7,2018-09-21,IBL_21,M,2018-04-23,,C57BL/6NCrl,Charles River,1,,2019-08-06 21:30:42,C57BL/6N,0.917727734725497,43,5
229,a7ccdd67-8443-458a-a0ba-2f76a826a7a7,2018-08-15,IBL_21,M,2018-04-23,,C57BL/6NCrl,Charles River,1,,2019-08-06 21:30:42,C57BL/6N,0.992261726284416,6,1
230,a7ccdd67-8443-458a-a0ba-2f76a826a7a7,2018-08-25,IBL_21,M,2018-04-23,,C57BL/6NCrl,Charles River,1,,2019-08-06 21:30:42,C57BL/6N,0.9785437703870526,16,6
231,a7ccdd67-8443-458a-a0ba-2f76a826a7a7,2018-09-02,IBL_21,M,2018-04-23,,C57BL/6NCrl,Charles River,1,,2019-08-06 21:30:42,C57BL/6N,0.9648259017057714,24,6
232,a7ccdd67-8443-458a-a0ba-2f76a826a7a7,2018-09-11,IBL_21,M,2018-04-23,,C57BL/6NCrl,Charles River,1,,2019-08-06 21:30:42,C57BL/6N,0.8505100386414877,33,6
233,a7ccdd67-8443-458a-a0ba-2f76a826a7a7,2018-09-23,IBL_21,M,2018-04-23,,C57BL/6NCrl,Charles River,1,,2019-08-06 21:30:42,C57BL/6N,0.900809035832989,45,5
234,a7ccdd67-8443-458a-a0ba-2f76a826a7a7,2018-08-16,IBL_21,M,2018-04-23,,C57BL/6NCrl,Charles River,1,,2019-08-06 21:30:42,C57BL/6N,1.0151248988972728,7,1
235,a7ccdd67-8443-458a-a0ba-2f76a826a7a7,2018-08-26,IBL_21,M,2018-04-23,,C57BL/6NCrl,Charles River,1,,2019-08-06 21:30:42,C57BL/6N,0.9648259017057714,17,6
236,a7ccdd67-8443-458a-a0ba-2f76a826a7a7,2018-09-04,IBL_21,M,2018-04-23,,C57BL/6NCrl,Charles River,1,,2019-08-06 21:30:42,C57BL/6N,0.9328174251613391,26,6
237,a7ccdd67-8443-458a-a0ba-2f76a826a7a7,2018-09-12,IBL_21,M,2018-04-23,,C57BL/6NCrl,Charles River,1,,2019-08-06 21:30:42,C57BL/6N,0.8322195179944186,34,6
238,a7ccdd67-8443-458a-a0ba-2f76a826a7a7,2018-09-24,IBL_21,M,2018-04-23,,C57BL/6NCrl,Charles River,1,,2019-08-06 21:30:42,C57BL/6N,0.9273303125752594,46,5
239,a7ccdd67-8443-458a-a0ba-2f76a826a7a7,2018-08-09,IBL_21,M,2018-04-23,,C57BL/6NCrl,Charles River,1,,2019-08-06 21:30:42,C57BL/6N,1.0562785921571984,0,1
240,a7ccdd67-8443-458a-a0ba-2f76a826a7a7,2018-08-17,IBL_21,M,2018-04-23,,C57BL/6NCrl,Charles River,1,,2019-08-06 21:30:42,C57BL/6N,1.010552246931485,8,1
241,a7ccdd67-8443-458a-a0ba-2f76a826a7a7,2018-08-27,IBL_21,M,2018-04-23,,C57BL/6NCrl,Charles River,1,,2019-08-06 21:30:42,C57BL/6N,0.9648259017057714,18,6
242,a7ccdd67-8443-458a-a0ba-2f76a826a7a7,2018-09-05,IBL_21,M,2018-04-23,,C57BL/6NCrl,Charles River,1,,2019-08-06 21:30:42,C57BL/6N,0.9328174251613391,27,6
243,a7ccdd67-8443-458a-a0ba-2f76a826a7a7,2018-09-13,IBL_21,M,2018-04-23,,C57BL/6NCrl,Charles River,1,,2019-08-06 21:30:42,C57BL/6N,0.8230742140628432,35,6
244,a7ccdd67-8443-458a-a0ba-2f76a826a7a7,2018-09-25,IBL_21,M,2018-04-23,,C57BL/6NCrl,Charles River,1,,2019-08-06 21:30:42,C57BL/6N,0.917727734725497,47,5
245,a7ccdd67-8443-458a-a0ba-2f76a826a7a7,2018-08-10,IBL_21,M,2018-04-23,,C57BL/6NCrl,Charles River,1,,2019-08-06 21:30:42,C57BL/6N,1.0196974636469784,1,1
246,a7ccdd67-8443-458a-a0ba-2f76a826a7a7,2018-08-19,IBL_21,M,2018-04-23,,C57BL/6NCrl,Charles River,1,,2019-08-06 21:30:42,C57BL/6N,0.9968342910341217,10,1
247,a7ccdd67-8443-458a-a0ba-2f76a826a7a7,2018-08-28,IBL_21,M,2018-04-23,,C57BL/6NCrl,Charles River,1,,2019-08-06 21:30:42,C57BL/6N,0.9785437703870526,19,6
248,a7ccdd67-8443-458a-a0ba-2f76a826a7a7,2018-09-06,IBL_21,M,2018-04-23,,C57BL/6NCrl,Charles River,1,,2019-08-06 21:30:42,C57BL/6N,0.9040098660442157,28,6
249,a7ccdd67-8443-458a-a0ba-2f76a826a7a7,2018-09-14,IBL_21,M,2018-04-23,,C57BL/6NCrl,Charles River,1,,2019-08-06 21:30:42,C57BL/6N,0.8527963210163405,36,6
250,a7ccdd67-8443-458a-a0ba-2f76a826a7a7,2018-09-26,IBL_21,M,2018-04-23,,C57BL/6NCrl,Charles River,1,,2019-08-06 21:30:42,C57BL/6N,0.8688005592885567,48,5
251,a7ccdd67-8443-458a-a0ba-2f76a826a7a7,2018-08-11,IBL_21,M,2018-04-23,,C57BL/6NCrl,Charles River,1,,2019-08-06 21:30:42,C57BL/6N,0.9968342910341217,2,1
252,a7ccdd67-8443-458a-a0ba-2f76a826a7a7,2018-08-20,IBL_21,M,2018-04-23,,C57BL/6NCrl,Charles River,1,,2019-08-06 21:30:42,C57BL/6N,0.9876890743186282,11,1
253,a7ccdd67-8443-458a-a0ba-2f76a826a7a7,2018-08-29,IBL_21,M,2018-04-23,,C57BL/6NCrl,Charles River,1,,2019-08-06 21:30:42,C57BL/6N,0.9693985536715592,20,6
254,a7ccdd67-8443-458a-a0ba-2f76a826a7a7,2018-09-07,IBL_21,M,2018-04-23,,C57BL/6NCrl,Charles River,1,,2019-08-06 21:30:42,C57BL/6N,0.8916637319014135,29,6
255,a7ccdd67-8443-458a-a0ba-2f76a826a7a7,2018-09-17,IBL_21,M,2018-04-23,,C57BL/6NCrl,Charles River,1,,2019-08-06 21:30:42,C57BL/6N,0.8596552553569812,39,6
256,a7ccdd67-8443-458a-a0ba-2f76a826a7a7,2018-09-27,IBL_21,M,2018-04-23,,C57BL/6NCrl,Charles River,1,,2019-08-06 21:30:42,C57BL/6N,0.9145269045142702,49,5
257,a7ccdd67-8443-458a-a0ba-2f76a826a7a7,2018-08-12,IBL_21,M,2018-04-23,,C57BL/6NCrl,Charles River,1,,2019-08-06 21:30:42,C57BL/6N,1.005979594965697,3,1
259,a7ccdd67-8443-458a-a0ba-2f76a826a7a7,2018-08-30,IBL_21,M,2018-04-23,,C57BL/6NCrl,Charles River,1,,2019-08-06 21:30:42,C57BL/6N,0.9648259017057714,21,6
260,a7ccdd67-8443-458a-a0ba-2f76a826a7a7,2018-09-08,IBL_21,M,2018-04-23,,C57BL/6NCrl,Charles River,1,,2019-08-06 21:30:42,C57BL/6N,0.8642279073227689,30,6
261,a7ccdd67-8443-458a-a0ba-2f76a826a7a7,2018-09-19,IBL_21,M,2018-04-23,,C57BL/6NCrl,Charles River,1,,2019-08-06 21:30:42,C57BL/6N,0.899437214078428,41,5
262,a7ccdd67-8443-458a-a0ba-2f76a826a7a7,2018-10-01,IBL_21,M,2018-04-23,,C57BL/6NCrl,Charles River,1,,2019-08-06 21:30:42,C57BL/6N,0.9602532497399837,53,5
263,be2c4e29-f9a6-4e23-b3b9-d1b97bcacff0,2018-08-10,IBL_27,M,2018-04-23,,C57BL/6NCrl,Charles River,1,"Escaped the animal room on Friday the 28th of September, had to be put down.",2019-08-06 21:30:42,C57BL/6N,0.9884589156454927,1,1
264,be2c4e29-f9a6-4e23-b3b9-d1b97bcacff0,2018-08-19,IBL_27,M,2018-04-23,,C57BL/6NCrl,Charles River,1,"Escaped the animal room on Friday the 28th of September, had to be put down.",2019-08-06 21:30:42,C57BL/6N,1.01052273110261,10,1
265,be2c4e29-f9a6-4e23-b3b9-d1b97bcacff0,2018-08-28,IBL_27,M,2018-04-23,,C57BL/6NCrl,Charles River,1,"Escaped the animal room on Friday the 28th of September, had to be put down.",2019-08-06 21:30:42,C57BL/6N,0.9708078801131543,19,6
266,be2c4e29-f9a6-4e23-b3b9-d1b97bcacff0,2018-09-06,IBL_27,M,2018-04-23,,C57BL/6NCrl,Charles River,1,"Escaped the animal room on Friday the 28th of September, had to be put down.",2019-08-06 21:30:42,C57BL/6N,0.9505092102926592,28,6
267,be2c4e29-f9a6-4e23-b3b9-d1b97bcacff0,2018-09-14,IBL_27,M,2018-04-23,,C57BL/6NCrl,Charles River,1,"Escaped the animal room on Friday the 28th of September, had to be put down.",2019-08-06 21:30:42,C57BL/6N,0.8772572655415959,36,6
268,be2c4e29-f9a6-4e23-b3b9-d1b97bcacff0,2018-09-26,IBL_27,M,2018-04-23,,C57BL/6NCrl,Charles River,1,"Escaped the animal room on Friday the 28th of September, had to be put down.",2019-08-06 21:30:42,C57BL/6N,0.9178546893493625,48,5
269,be2c4e29-f9a6-4e23-b3b9-d1b97bcacff0,2018-08-11,IBL_27,M,2018-04-23,,C57BL/6NCrl,Charles River,1,"Escaped the animal room on Friday the 28th of September, had to be put down.",2019-08-06 21:30:42,C57BL/6N,1.023761070876946,2,1
270,be2c4e29-f9a6-4e23-b3b9-d1b97bcacff0,2018-08-20,IBL_27,M,2018-04-23,,C57BL/6NCrl,Charles River,1,"Escaped the animal room on Friday the 28th of September, had to be put down.",2019-08-06 21:30:42,C57BL/6N,1.032586546559727,11,1
271,be2c4e29-f9a6-4e23-b3b9-d1b97bcacff0,2018-08-29,IBL_27,M,2018-04-23,,C57BL/6NCrl,Charles River,1,"Escaped the animal room on Friday the 28th of September, had to be put down.",2019-08-06 21:30:42,C57BL/6N,0.9708078801131543,20,6
272,be2c4e29-f9a6-4e23-b3b9-d1b97bcacff0,2018-09-07,IBL_27,M,2018-04-23,,C57BL/6NCrl,Charles River,1,"Escaped the animal room on Friday the 28th of September, had to be put down.",2019-08-06 21:30:42,C57BL/6N,0.9310930291236987,29,6
273,be2c4e29-f9a6-4e23-b3b9-d1b97bcacff0,2018-09-17,IBL_27,M,2018-04-23,,C57BL/6NCrl,Charles River,1,"Escaped the animal room on Friday the 28th of September, had to be put down.",2019-08-06 21:30:42,C57BL/6N,0.8604888028275686,39,6
274,be2c4e29-f9a6-4e23-b3b9-d1b97bcacff0,2018-09-27,IBL_27,M,2018-04-23,,C57BL/6NCrl,Charles River,1,"Escaped the animal room on Friday the 28th of September, had to be put down.",2019-08-06 21:30:42,C57BL/6N,0.92668024919892,49,5
275,be2c4e29-f9a6-4e23-b3b9-d1b97bcacff0,2018-08-12,IBL_27,M,2018-04-23,,C57BL/6NCrl,Charles River,1,"Escaped the animal room on Friday the 28th of September, had to be put down.",2019-08-06 21:30:42,C57BL/6N,0.9884589156454927,3,1
277,be2c4e29-f9a6-4e23-b3b9-d1b97bcacff0,2018-08-30,IBL_27,M,2018-04-23,,C57BL/6NCrl,Charles River,1,"Escaped the animal room on Friday the 28th of September, had to be put down.",2019-08-06 21:30:42,C57BL/6N,0.9884589156454927,21,6
278,be2c4e29-f9a6-4e23-b3b9-d1b97bcacff0,2018-09-08,IBL_27,M,2018-04-23,,C57BL/6NCrl,Charles River,1,"Escaped the animal room on Friday the 28th of September, had to be put down.",2019-08-06 21:30:42,C57BL/6N,0.9090292136665816,30,6
279,be2c4e29-f9a6-4e23-b3b9-d1b97bcacff0,2018-09-19,IBL_27,M,2018-04-23,,C57BL/6NCrl,Charles River,1,"Escaped the animal room on Friday the 28th of September, had to be put down.",2019-08-06 21:30:42,C57BL/6N,0.8860828253911534,41,5
280,be2c4e29-f9a6-4e23-b3b9-d1b97bcacff0,2018-08-13,IBL_27,M,2018-04-23,,C57BL/6NCrl,Charles River,1,"Escaped the animal room on Friday the 28th of September, had to be put down.",2019-08-06 21:30:42,C57BL/6N,0.9884589156454927,4,1
281,be2c4e29-f9a6-4e23-b3b9-d1b97bcacff0,2018-08-22,IBL_27,M,2018-04-23,,C57BL/6NCrl,Charles River,1,"Escaped the animal room on Friday the 28th of September, had to be put down.",2019-08-06 21:30:42,C57BL/6N,1.01052273110261,13,1
282,be2c4e29-f9a6-4e23-b3b9-d1b97bcacff0,2018-08-31,IBL_27,M,2018-04-23,,C57BL/6NCrl,Charles River,1,"Escaped the animal room on Friday the 28th of September, had to be put down.",2019-08-06 21:30:42,C57BL/6N,0.9928716955702714,22,6
283,be2c4e29-f9a6-4e23-b3b9-d1b97bcacff0,2018-09-09,IBL_27,M,2018-04-23,,C57BL/6NCrl,Charles River,1,"Escaped the animal room on Friday the 28th of September, had to be put down.",2019-08-06 21:30:42,C57BL/6N,0.9046164337418029,31,6
284,be2c4e29-f9a6-4e23-b3b9-d1b97bcacff0,2018-09-20,IBL_27,M,2018-04-23,,C57BL/6NCrl,Charles River,1,"Escaped the animal room on Friday the 28th of September, had to be put down.",2019-08-06 21:30:42,C57BL/6N,0.8931432396040888,42,5
285,be2c4e29-f9a6-4e23-b3b9-d1b97bcacff0,2018-08-14,IBL_27,M,2018-04-23,,C57BL/6NCrl,Charles River,1,"Escaped the animal room on Friday the 28th of September, had to be put down.",2019-08-06 21:30:42,C57BL/6N,0.9708078801131543,5,1
286,be2c4e29-f9a6-4e23-b3b9-d1b97bcacff0,2018-08-24,IBL_27,M,2018-04-23,,C57BL/6NCrl,Charles River,1,"Escaped the animal room on Friday the 28th of September, had to be put down.",2019-08-06 21:30:42,C57BL/6N,0.984046135720714,15,1
287,be2c4e29-f9a6-4e23-b3b9-d1b97bcacff0,2018-09-01,IBL_27,M,2018-04-23,,C57BL/6NCrl,Charles River,1,"Escaped the animal room on Friday the 28th of September, had to be put down.",2019-08-06 21:30:42,C57BL/6N,0.9663951001883756,23,6
288,be2c4e29-f9a6-4e23-b3b9-d1b97bcacff0,2018-09-10,IBL_27,M,2018-04-23,,C57BL/6NCrl,Charles River,1,"Escaped the animal room on Friday the 28th of September, had to be put down.",2019-08-06 21:30:42,C57BL/6N,0.869314362677126,32,6
289,be2c4e29-f9a6-4e23-b3b9-d1b97bcacff0,2018-09-21,IBL_27,M,2018-04-23,,C57BL/6NCrl,Charles River,1,"Escaped the animal room on Friday the 28th of September, had to be put down.",2019-08-06 21:30:42,C57BL/6N,0.9346232362301664,43,5
290,be2c4e29-f9a6-4e23-b3b9-d1b97bcacff0,2018-08-15,IBL_27,M,2018-04-23,,C57BL/6NCrl,Charles River,1,"Escaped the animal room on Friday the 28th of September, had to be put down.",2019-08-06 21:30:42,C57BL/6N,0.9972844754950502,6,1
291,be2c4e29-f9a6-4e23-b3b9-d1b97bcacff0,2018-08-25,IBL_27,M,2018-04-23,,C57BL/6NCrl,Charles River,1,"Escaped the animal room on Friday the 28th of September, had to be put down.",2019-08-06 21:30:42,C57BL/6N,0.9575696245055946,16,6
292,be2c4e29-f9a6-4e23-b3b9-d1b97bcacff0,2018-09-02,IBL_27,M,2018-04-23,,C57BL/6NCrl,Charles River,1,"Escaped the animal room on Friday the 28th of September, had to be put down.",2019-08-06 21:30:42,C57BL/6N,0.9752206600379331,24,6
293,be2c4e29-f9a6-4e23-b3b9-d1b97bcacff0,2018-09-11,IBL_27,M,2018-04-23,,C57BL/6NCrl,Charles River,1,"Escaped the animal room on Friday the 28th of September, had to be put down.",2019-08-06 21:30:42,C57BL/6N,0.8825526182846857,33,6
294,be2c4e29-f9a6-4e23-b3b9-d1b97bcacff0,2018-09-23,IBL_27,M,2018-04-23,,C57BL/6NCrl,Charles River,1,"Escaped the animal room on Friday the 28th of September, had to be put down.",2019-08-06 21:30:42,C57BL/6N,0.9310930291236987,45,5
295,be2c4e29-f9a6-4e23-b3b9-d1b97bcacff0,2018-08-16,IBL_27,M,2018-04-23,,C57BL/6NCrl,Charles River,1,"Escaped the animal room on Friday the 28th of September, had to be put down.",2019-08-06 21:30:42,C57BL/6N,0.9972844754950502,7,1
296,be2c4e29-f9a6-4e23-b3b9-d1b97bcacff0,2018-08-26,IBL_27,M,2018-04-23,,C57BL/6NCrl,Charles River,1,"Escaped the animal room on Friday the 28th of September, had to be put down.",2019-08-06 21:30:42,C57BL/6N,0.9399185048064796,17,6
297,be2c4e29-f9a6-4e23-b3b9-d1b97bcacff0,2018-09-04,IBL_27,M,2018-04-23,,C57BL/6NCrl,Charles River,1,"Escaped the animal room on Friday the 28th of September, had to be put down.",2019-08-06 21:30:42,C57BL/6N,0.9531568445808158,26,6
298,be2c4e29-f9a6-4e23-b3b9-d1b97bcacff0,2018-09-12,IBL_27,M,2018-04-23,,C57BL/6NCrl,Charles River,1,"Escaped the animal room on Friday the 28th of September, had to be put down.",2019-08-06 21:30:42,C57BL/6N,0.8737270584351282,34,6
299,be2c4e29-f9a6-4e23-b3b9-d1b97bcacff0,2018-09-24,IBL_27,M,2018-04-23,,C57BL/6NCrl,Charles River,1,"Escaped the animal room on Friday the 28th of September, had to be put down.",2019-08-06 21:30:42,C57BL/6N,0.9390360161549451,46,5
300,be2c4e29-f9a6-4e23-b3b9-d1b97bcacff0,2018-08-09,IBL_27,M,2018-04-23,,C57BL/6NCrl,Charles River,1,"Escaped the animal room on Friday the 28th of September, had to be put down.",2019-08-06 21:30:42,C57BL/6N,1.006109951177831,0,1
301,be2c4e29-f9a6-4e23-b3b9-d1b97bcacff0,2018-08-17,IBL_27,M,2018-04-23,,C57BL/6NCrl,Charles River,1,"Escaped the animal room on Friday the 28th of September, had to be put down.",2019-08-06 21:30:42,C57BL/6N,1.001697255419829,8,1
302,be2c4e29-f9a6-4e23-b3b9-d1b97bcacff0,2018-08-27,IBL_27,M,2018-04-23,,C57BL/6NCrl,Charles River,1,"Escaped the animal room on Friday the 28th of September, had to be put down.",2019-08-06 21:30:42,C57BL/6N,0.9443312847312584,18,6
303,be2c4e29-f9a6-4e23-b3b9-d1b97bcacff0,2018-09-05,IBL_27,M,2018-04-23,,C57BL/6NCrl,Charles River,1,"Escaped the animal room on Friday the 28th of September, had to be put down.",2019-08-06 21:30:42,C57BL/6N,0.9619823202635969,27,6
304,be2c4e29-f9a6-4e23-b3b9-d1b97bcacff0,2018-09-13,IBL_27,M,2018-04-23,,C57BL/6NCrl,Charles River,1,"Escaped the animal room on Friday the 28th of September, had to be put down.",2019-08-06 21:30:42,C57BL/6N,0.8560760229027898,35,6
305,be2c4e29-f9a6-4e23-b3b9-d1b97bcacff0,2018-09-25,IBL_27,M,2018-04-23,,C57BL/6NCrl,Charles River,1,"Escaped the animal room on Friday the 28th of September, had to be put down.",2019-08-06 21:30:42,C57BL/6N,0.9430075096705683,47,5
306,dcf2d0f5-08ff-4ceb-8adb-2eea94b90238,2018-08-10,IBL_22,M,2018-04-23,,C57BL/6NCrl,Charles River,1,Headbar came off in cage. Euthanized by Anne,2019-08-06 21:30:42,C57BL/6N,1.0654170955806124,1,1
307,dcf2d0f5-08ff-4ceb-8adb-2eea94b90238,2018-08-19,IBL_22,M,2018-04-23,,C57BL/6NCrl,Charles River,1,Headbar came off in cage. Euthanized by Anne,2019-08-06 21:30:42,C57BL/6N,0.9746416630947399,10,1
308,dcf2d0f5-08ff-4ceb-8adb-2eea94b90238,2018-08-28,IBL_22,M,2018-04-23,,C57BL/6NCrl,Charles River,1,Headbar came off in cage. Euthanized by Anne,2019-08-06 21:30:42,C57BL/6N,1.0033076131235794,19,6
309,dcf2d0f5-08ff-4ceb-8adb-2eea94b90238,2018-09-07,IBL_22,M,2018-04-23,,C57BL/6NCrl,Charles River,1,Headbar came off in cage. Euthanized by Anne,2019-08-06 21:30:42,C57BL/6N,0.9411981306665465,29,6
310,dcf2d0f5-08ff-4ceb-8adb-2eea94b90238,2018-09-17,IBL_22,M,2018-04-23,,C57BL/6NCrl,Charles River,1,Headbar came off in cage. Euthanized by Anne,2019-08-06 21:30:42,C57BL/6N,0.912532180637707,39,6
311,dcf2d0f5-08ff-4ceb-8adb-2eea94b90238,2018-09-27,IBL_22,M,2018-04-23,,C57BL/6NCrl,Charles River,1,Headbar came off in cage. Euthanized by Anne,2019-08-06 21:30:42,C57BL/6N,0.9077545071118099,49,5
312,dcf2d0f5-08ff-4ceb-8adb-2eea94b90238,2018-08-11,IBL_22,M,2018-04-23,,C57BL/6NCrl,Charles River,1,Headbar came off in cage. Euthanized by Anne,2019-08-06 21:30:42,C57BL/6N,1.0080852866494765,2,1
313,dcf2d0f5-08ff-4ceb-8adb-2eea94b90238,2018-08-20,IBL_22,M,2018-04-23,,C57BL/6NCrl,Charles River,1,Headbar came off in cage. Euthanized by Anne,2019-08-06 21:30:42,C57BL/6N,0.9937522660717852,11,1
314,dcf2d0f5-08ff-4ceb-8adb-2eea94b90238,2018-08-29,IBL_22,M,2018-04-23,,C57BL/6NCrl,Charles River,1,Headbar came off in cage. Euthanized by Anne,2019-08-06 21:30:42,C57BL/6N,0.9985299395976823,20,6
315,dcf2d0f5-08ff-4ceb-8adb-2eea94b90238,2018-09-08,IBL_22,M,2018-04-23,,C57BL/6NCrl,Charles River,1,Headbar came off in cage. Euthanized by Anne,2019-08-06 21:30:42,C57BL/6N,0.9268651100888552,30,6
316,dcf2d0f5-08ff-4ceb-8adb-2eea94b90238,2018-09-19,IBL_22,M,2018-04-23,,C57BL/6NCrl,Charles River,1,Headbar came off in cage. Euthanized by Anne,2019-08-06 21:30:42,C57BL/6N,0.9555310601176946,41,5
317,dcf2d0f5-08ff-4ceb-8adb-2eea94b90238,2018-10-01,IBL_22,M,2018-04-23,,C57BL/6NCrl,Charles River,1,Headbar came off in cage. Euthanized by Anne,2019-08-06 21:30:42,C57BL/6N,0.9220874365629581,53,5
318,dcf2d0f5-08ff-4ceb-8adb-2eea94b90238,2018-08-12,IBL_22,M,2018-04-23,,C57BL/6NCrl,Charles River,1,Headbar came off in cage. Euthanized by Anne,2019-08-06 21:30:42,C57BL/6N,1.0271958896265216,3,1
320,dcf2d0f5-08ff-4ceb-8adb-2eea94b90238,2018-08-30,IBL_22,M,2018-04-23,,C57BL/6NCrl,Charles River,1,Headbar came off in cage. Euthanized by Anne,2019-08-06 21:30:42,C57BL/6N,0.9650864071694888,21,6
321,dcf2d0f5-08ff-4ceb-8adb-2eea94b90238,2018-09-09,IBL_22,M,2018-04-23,,C57BL/6NCrl,Charles River,1,Headbar came off in cage. Euthanized by Anne,2019-08-06 21:30:42,C57BL/6N,0.9364204571406494,31,6
322,dcf2d0f5-08ff-4ceb-8adb-2eea94b90238,2018-09-20,IBL_22,M,2018-04-23,,C57BL/6NCrl,Charles River,1,Headbar came off in cage. Euthanized by Anne,2019-08-06 21:30:42,C57BL/6N,0.9607865101088358,42,5
323,dcf2d0f5-08ff-4ceb-8adb-2eea94b90238,2018-10-03,IBL_22,M,2018-04-23,,C57BL/6NCrl,Charles River,1,Headbar came off in cage. Euthanized by Anne,2019-08-06 21:30:42,C57BL/6N,0.8599779541059251,55,5
324,dcf2d0f5-08ff-4ceb-8adb-2eea94b90238,2018-08-13,IBL_22,M,2018-04-23,,C57BL/6NCrl,Charles River,1,Headbar came off in cage. Euthanized by Anne,2019-08-06 21:30:42,C57BL/6N,0.979419336620637,4,1
325,dcf2d0f5-08ff-4ceb-8adb-2eea94b90238,2018-08-22,IBL_22,M,2018-04-23,,C57BL/6NCrl,Charles River,1,Headbar came off in cage. Euthanized by Anne,2019-08-06 21:30:42,C57BL/6N,1.0033076131235794,13,1
326,dcf2d0f5-08ff-4ceb-8adb-2eea94b90238,2018-08-31,IBL_22,M,2018-04-23,,C57BL/6NCrl,Charles River,1,Headbar came off in cage. Euthanized by Anne,2019-08-06 21:30:42,C57BL/6N,0.984197010146534,22,6
327,dcf2d0f5-08ff-4ceb-8adb-2eea94b90238,2018-09-10,IBL_22,M,2018-04-23,,C57BL/6NCrl,Charles River,1,Headbar came off in cage. Euthanized by Anne,2019-08-06 21:30:42,C57BL/6N,0.9077545071118099,32,6
328,dcf2d0f5-08ff-4ceb-8adb-2eea94b90238,2018-09-21,IBL_22,M,2018-04-23,,C57BL/6NCrl,Charles River,1,Headbar came off in cage. Euthanized by Anne,2019-08-06 21:30:42,C57BL/6N,0.9870635778114552,43,5
329,dcf2d0f5-08ff-4ceb-8adb-2eea94b90238,2018-08-14,IBL_22,M,2018-04-23,,C57BL/6NCrl,Charles River,1,Headbar came off in cage. Euthanized by Anne,2019-08-06 21:30:42,C57BL/6N,0.979419336620637,5,1
330,dcf2d0f5-08ff-4ceb-8adb-2eea94b90238,2018-08-24,IBL_22,M,2018-04-23,,C57BL/6NCrl,Charles River,1,Headbar came off in cage. Euthanized by Anne,2019-08-06 21:30:42,C57BL/6N,0.9746416630947399,15,1
331,dcf2d0f5-08ff-4ceb-8adb-2eea94b90238,2018-09-01,IBL_22,M,2018-04-23,,C57BL/6NCrl,Charles River,1,Headbar came off in cage. Euthanized by Anne,2019-08-06 21:30:42,C57BL/6N,0.9937522660717852,23,6
332,dcf2d0f5-08ff-4ceb-8adb-2eea94b90238,2018-09-11,IBL_22,M,2018-04-23,,C57BL/6NCrl,Charles River,1,Headbar came off in cage. Euthanized by Anne,2019-08-06 21:30:42,C57BL/6N,0.9173098541636041,33,6
333,dcf2d0f5-08ff-4ceb-8adb-2eea94b90238,2018-09-23,IBL_22,M,2018-04-23,,C57BL/6NCrl,Charles River,1,Headbar came off in cage. Euthanized by Anne,2019-08-06 21:30:42,C57BL/6N,0.9364204571406494,45,5
334,dcf2d0f5-08ff-4ceb-8adb-2eea94b90238,2018-08-15,IBL_22,M,2018-04-23,,C57BL/6NCrl,Charles River,1,Headbar came off in cage. Euthanized by Anne,2019-08-06 21:30:42,C57BL/6N,0.9698639895688428,6,1
335,dcf2d0f5-08ff-4ceb-8adb-2eea94b90238,2018-08-25,IBL_22,M,2018-04-23,,C57BL/6NCrl,Charles River,1,Headbar came off in cage. Euthanized by Anne,2019-08-06 21:30:42,C57BL/6N,0.984197010146534,16,6
336,dcf2d0f5-08ff-4ceb-8adb-2eea94b90238,2018-09-02,IBL_22,M,2018-04-23,,C57BL/6NCrl,Charles River,1,Headbar came off in cage. Euthanized by Anne,2019-08-06 21:30:42,C57BL/6N,0.9985299395976823,24,6
337,dcf2d0f5-08ff-4ceb-8adb-2eea94b90238,2018-09-12,IBL_22,M,2018-04-23,,C57BL/6NCrl,Charles River,1,Headbar came off in cage. Euthanized by Anne,2019-08-06 21:30:42,C57BL/6N,0.9173098541636041,34,6
338,dcf2d0f5-08ff-4ceb-8adb-2eea94b90238,2018-09-24,IBL_22,M,2018-04-23,,C57BL/6NCrl,Charles River,1,Headbar came off in cage. Euthanized by Anne,2019-08-06 21:30:42,C57BL/6N,0.9732084248255509,46,5
339,dcf2d0f5-08ff-4ceb-8adb-2eea94b90238,2018-08-16,IBL_22,M,2018-04-23,,C57BL/6NCrl,Charles River,1,Headbar came off in cage. Euthanized by Anne,2019-08-06 21:30:42,C57BL/6N,1.0128629601753736,7,1
340,dcf2d0f5-08ff-4ceb-8adb-2eea94b90238,2018-08-26,IBL_22,M,2018-04-23,,C57BL/6NCrl,Charles River,1,Headbar came off in cage. Euthanized by Anne,2019-08-06 21:30:42,C57BL/6N,0.9985299395976823,17,6
341,dcf2d0f5-08ff-4ceb-8adb-2eea94b90238,2018-09-04,IBL_22,M,2018-04-23,,C57BL/6NCrl,Charles River,1,Headbar came off in cage. Euthanized by Anne,2019-08-06 21:30:42,C57BL/6N,0.979419336620637,26,6
342,dcf2d0f5-08ff-4ceb-8adb-2eea94b90238,2018-09-13,IBL_22,M,2018-04-23,,C57BL/6NCrl,Charles River,1,Headbar came off in cage. Euthanized by Anne,2019-08-06 21:30:42,C57BL/6N,0.8886439041347646,35,6
343,dcf2d0f5-08ff-4ceb-8adb-2eea94b90238,2018-09-25,IBL_22,M,2018-04-23,,C57BL/6NCrl,Charles River,1,Headbar came off in cage. Euthanized by Anne,2019-08-06 21:30:42,C57BL/6N,0.9340315748144293,47,5
344,dcf2d0f5-08ff-4ceb-8adb-2eea94b90238,2018-08-09,IBL_22,M,2018-04-23,,C57BL/6NCrl,Charles River,1,Headbar came off in cage. Euthanized by Anne,2019-08-06 21:30:42,C57BL/6N,1.0271958896265216,0,1
345,dcf2d0f5-08ff-4ceb-8adb-2eea94b90238,2018-08-17,IBL_22,M,2018-04-23,,C57BL/6NCrl,Charles River,1,Headbar came off in cage. Euthanized by Anne,2019-08-06 21:30:42,C57BL/6N,0.984197010146534,8,1
346,dcf2d0f5-08ff-4ceb-8adb-2eea94b90238,2018-08-27,IBL_22,M,2018-04-23,,C57BL/6NCrl,Charles River,1,Headbar came off in cage. Euthanized by Anne,2019-08-06 21:30:42,C57BL/6N,1.0033076131235794,18,6
347,dcf2d0f5-08ff-4ceb-8adb-2eea94b90238,2018-09-05,IBL_22,M,2018-04-23,,C57BL/6NCrl,Charles River,1,Headbar came off in cage. Euthanized by Anne,2019-08-06 21:30:42,C57BL/6N,0.9985299395976823,27,6
348,dcf2d0f5-08ff-4ceb-8adb-2eea94b90238,2018-09-14,IBL_22,M,2018-04-23,,C57BL/6NCrl,Charles River,1,Headbar came off in cage. Euthanized by Anne,2019-08-06 21:30:42,C57BL/6N,0.9306872306842643,36,6
349,dcf2d0f5-08ff-4ceb-8adb-2eea94b90238,2018-09-26,IBL_22,M,2018-04-23,,C57BL/6NCrl,Charles River,1,Headbar came off in cage. Euthanized by Anne,2019-08-06 21:30:42,C57BL/6N,0.8886439041347646,48,5
350,eee73e7a-a2eb-4949-91ae-a3d5a0375bd5,2018-08-15,IBL_19,M,2018-04-23,,C57BL/6NCrl,Charles River,1,,2019-08-06 21:30:42,C57BL/6N,0.9289740857694898,6,1
351,eee73e7a-a2eb-4949-91ae-a3d5a0375bd5,2018-08-25,IBL_19,M,2018-04-23,,C57BL/6NCrl,Charles River,1,,2019-08-06 21:30:42,C57BL/6N,1.0056369427324559,16,6
352,eee73e7a-a2eb-4949-91ae-a3d5a0375bd5,2018-09-04,IBL_19,M,2018-04-23,,C57BL/6NCrl,Charles River,1,,2019-08-06 21:30:42,C57BL/6N,1.0597519714232873,26,6
353,eee73e7a-a2eb-4949-91ae-a3d5a0375bd5,2018-09-12,IBL_19,M,2018-04-23,,C57BL/6NCrl,Charles River,1,,2019-08-06 21:30:42,C57BL/6N,1.0372040571376853,34,6
354,eee73e7a-a2eb-4949-91ae-a3d5a0375bd5,2018-09-24,IBL_19,M,2018-04-23,,C57BL/6NCrl,Charles River,1,,2019-08-06 21:30:42,C57BL/6N,0.9907553227444974,46,5
355,eee73e7a-a2eb-4949-91ae-a3d5a0375bd5,2018-08-16,IBL_19,M,2018-04-23,,C57BL/6NCrl,Charles River,1,,2019-08-06 21:30:42,C57BL/6N,0.9785795144005073,7,1
356,eee73e7a-a2eb-4949-91ae-a3d5a0375bd5,2018-08-26,IBL_19,M,2018-04-23,,C57BL/6NCrl,Charles River,1,,2019-08-06 21:30:42,C57BL/6N,0.9966178286262953,17,6
357,eee73e7a-a2eb-4949-91ae-a3d5a0375bd5,2018-09-05,IBL_19,M,2018-04-23,,C57BL/6NCrl,Charles River,1,,2019-08-06 21:30:42,C57BL/6N,1.0777902856490753,27,6
358,eee73e7a-a2eb-4949-91ae-a3d5a0375bd5,2018-09-13,IBL_19,M,2018-04-23,,C57BL/6NCrl,Charles River,1,,2019-08-06 21:30:42,C57BL/6N,1.023675342971711,35,6
359,eee73e7a-a2eb-4949-91ae-a3d5a0375bd5,2018-09-25,IBL_19,M,2018-04-23,,C57BL/6NCrl,Charles River,1,,2019-08-06 21:30:42,C57BL/6N,0.971364188710192,47,5
360,eee73e7a-a2eb-4949-91ae-a3d5a0375bd5,2018-08-17,IBL_19,M,2018-04-23,,C57BL/6NCrl,Charles River,1,,2019-08-06 21:30:42,C57BL/6N,0.9605411141612522,8,1
361,eee73e7a-a2eb-4949-91ae-a3d5a0375bd5,2018-08-27,IBL_19,M,2018-04-23,,C57BL/6NCrl,Charles River,1,,2019-08-06 21:30:42,C57BL/6N,0.9875986285066679,18,6
362,eee73e7a-a2eb-4949-91ae-a3d5a0375bd5,2018-09-06,IBL_19,M,2018-04-23,,C57BL/6NCrl,Charles River,1,,2019-08-06 21:30:42,C57BL/6N,1.0723788343880722,28,6
363,eee73e7a-a2eb-4949-91ae-a3d5a0375bd5,2018-09-14,IBL_19,M,2018-04-23,,C57BL/6NCrl,Charles River,1,,2019-08-06 21:30:42,C57BL/6N,1.0543404341488172,36,6
364,eee73e7a-a2eb-4949-91ae-a3d5a0375bd5,2018-09-26,IBL_19,M,2018-04-23,,C57BL/6NCrl,Charles River,1,,2019-08-06 21:30:42,C57BL/6N,0.9199548856498623,48,5
365,eee73e7a-a2eb-4949-91ae-a3d5a0375bd5,2018-08-10,IBL_19,M,2018-04-23,,C57BL/6NCrl,Charles River,1,,2019-08-06 21:30:42,C57BL/6N,1.0507327713036596,1,1
366,eee73e7a-a2eb-4949-91ae-a3d5a0375bd5,2018-08-19,IBL_19,M,2018-04-23,,C57BL/6NCrl,Charles River,1,,2019-08-06 21:30:42,C57BL/6N,0.9785795144005073,10,1
367,eee73e7a-a2eb-4949-91ae-a3d5a0375bd5,2018-08-28,IBL_19,M,2018-04-23,,C57BL/6NCrl,Charles River,1,,2019-08-06 21:30:42,C57BL/6N,1.0011274286861092,19,6
368,eee73e7a-a2eb-4949-91ae-a3d5a0375bd5,2018-09-07,IBL_19,M,2018-04-23,,C57BL/6NCrl,Charles River,1,,2019-08-06 21:30:42,C57BL/6N,1.0597519714232873,29,6
369,eee73e7a-a2eb-4949-91ae-a3d5a0375bd5,2018-09-17,IBL_19,M,2018-04-23,,C57BL/6NCrl,Charles River,1,,2019-08-06 21:30:42,C57BL/6N,1.0552423713634733,39,6
370,eee73e7a-a2eb-4949-91ae-a3d5a0375bd5,2018-09-27,IBL_19,M,2018-04-23,,C57BL/6NCrl,Charles River,1,,2019-08-06 21:30:42,C57BL/6N,0.9470123999952779,49,5
371,eee73e7a-a2eb-4949-91ae-a3d5a0375bd5,2018-08-11,IBL_19,M,2018-04-23,,C57BL/6NCrl,Charles River,1,,2019-08-06 21:30:42,C57BL/6N,1.0281848570180578,2,1
372,eee73e7a-a2eb-4949-91ae-a3d5a0375bd5,2018-08-20,IBL_19,M,2018-04-23,,C57BL/6NCrl,Charles River,1,,2019-08-06 21:30:42,C57BL/6N,1.023675342971711,11,1
373,eee73e7a-a2eb-4949-91ae-a3d5a0375bd5,2018-08-29,IBL_19,M,2018-04-23,,C57BL/6NCrl,Charles River,1,,2019-08-06 21:30:42,C57BL/6N,1.0191657429118972,20,6
374,eee73e7a-a2eb-4949-91ae-a3d5a0375bd5,2018-09-08,IBL_19,M,2018-04-23,,C57BL/6NCrl,Charles River,1,,2019-08-06 21:30:42,C57BL/6N,1.0417136571974992,30,6
375,eee73e7a-a2eb-4949-91ae-a3d5a0375bd5,2018-09-19,IBL_19,M,2018-04-23,,C57BL/6NCrl,Charles River,1,,2019-08-06 21:30:42,C57BL/6N,1.0489289828878143,41,5
376,eee73e7a-a2eb-4949-91ae-a3d5a0375bd5,2018-10-01,IBL_19,M,2018-04-23,,C57BL/6NCrl,Charles River,1,,2019-08-06 21:30:42,C57BL/6N,0.9375423172817893,53,5
377,eee73e7a-a2eb-4949-91ae-a3d5a0375bd5,2018-08-12,IBL_19,M,2018-04-23,,C57BL/6NCrl,Charles River,1,,2019-08-06 21:30:42,C57BL/6N,1.0281848570180578,3,1
379,eee73e7a-a2eb-4949-91ae-a3d5a0375bd5,2018-08-30,IBL_19,M,2018-04-23,,C57BL/6NCrl,Charles River,1,,2019-08-06 21:30:42,C57BL/6N,1.0146561428520835,21,6
380,eee73e7a-a2eb-4949-91ae-a3d5a0375bd5,2018-09-09,IBL_19,M,2018-04-23,,C57BL/6NCrl,Charles River,1,,2019-08-06 21:30:42,C57BL/6N,1.046223257257313,31,6
381,eee73e7a-a2eb-4949-91ae-a3d5a0375bd5,2018-09-20,IBL_19,M,2018-04-23,,C57BL/6NCrl,Charles River,1,,2019-08-06 21:30:42,C57BL/6N,1.0331454256851997,42,5
382,eee73e7a-a2eb-4949-91ae-a3d5a0375bd5,2018-08-13,IBL_19,M,2018-04-23,,C57BL/6NCrl,Charles River,1,,2019-08-06 21:30:42,C57BL/6N,1.0011274286861092,4,1
383,eee73e7a-a2eb-4949-91ae-a3d5a0375bd5,2018-08-22,IBL_19,M,2018-04-23,,C57BL/6NCrl,Charles River,1,,2019-08-06 21:30:42,C57BL/6N,1.023675342971711,13,1
384,eee73e7a-a2eb-4949-91ae-a3d5a0375bd5,2018-09-01,IBL_19,M,2018-04-23,,C57BL/6NCrl,Charles River,1,,2019-08-06 21:30:42,C57BL/6N,1.046223257257313,23,6
385,eee73e7a-a2eb-4949-91ae-a3d5a0375bd5,2018-09-10,IBL_19,M,2018-04-23,,C57BL/6NCrl,Charles River,1,,2019-08-06 21:30:42,C57BL/6N,1.0507327713036596,32,6
386,eee73e7a-a2eb-4949-91ae-a3d5a0375bd5,2018-09-21,IBL_19,M,2018-04-23,,C57BL/6NCrl,Charles River,1,,2019-08-06 21:30:42,C57BL/6N,1.0218714685423986,43,5
387,eee73e7a-a2eb-4949-91ae-a3d5a0375bd5,2018-08-14,IBL_19,M,2018-04-23,,C57BL/6NCrl,Charles River,1,,2019-08-06 21:30:42,C57BL/6N,0.965050714221066,5,1
388,eee73e7a-a2eb-4949-91ae-a3d5a0375bd5,2018-08-24,IBL_19,M,2018-04-23,,C57BL/6NCrl,Charles River,1,,2019-08-06 21:30:42,C57BL/6N,1.0326944570778716,15,1
389,eee73e7a-a2eb-4949-91ae-a3d5a0375bd5,2018-09-03,IBL_19,M,2018-04-23,,C57BL/6NCrl,Charles River,1,,2019-08-06 21:30:42,C57BL/6N,0.9019165714240742,25,6
390,eee73e7a-a2eb-4949-91ae-a3d5a0375bd5,2018-09-11,IBL_19,M,2018-04-23,,C57BL/6NCrl,Charles River,1,,2019-08-06 21:30:42,C57BL/6N,1.0326944570778716,33,6
391,eee73e7a-a2eb-4949-91ae-a3d5a0375bd5,2018-09-23,IBL_19,M,2018-04-23,,C57BL/6NCrl,Charles River,1,,2019-08-06 21:30:42,C57BL/6N,1.0011274286861092,45,5
392,f3821028-b230-452d-886c-84aab766ca1e,2018-08-17,IBL_18,M,2018-04-23,,C57BL/6NCrl,Charles River,1,,2019-08-06 21:30:42,C57BL/6N,0.9910679937566368,8,1
393,f3821028-b230-452d-886c-84aab766ca1e,2018-08-27,IBL_18,M,2018-04-23,,C57BL/6NCrl,Charles River,1,,2019-08-06 21:30:42,C57BL/6N,1.0081553561016194,18,6
394,f3821028-b230-452d-886c-84aab766ca1e,2018-09-07,IBL_18,M,2018-04-23,,C57BL/6NCrl,Charles River,1,,2019-08-06 21:30:42,C57BL/6N,0.969708770455666,29,6
395,f3821028-b230-452d-886c-84aab766ca1e,2018-09-17,IBL_18,M,2018-04-23,,C57BL/6NCrl,Charles River,1,,2019-08-06 21:30:42,C57BL/6N,0.948349547154695,39,6
396,f3821028-b230-452d-886c-84aab766ca1e,2018-10-01,IBL_18,M,2018-04-23,,C57BL/6NCrl,Charles River,1,,2019-08-06 21:30:42,C57BL/6N,1.0021747181716474,53,5
397,f3821028-b230-452d-886c-84aab766ca1e,2018-08-19,IBL_18,M,2018-04-23,,C57BL/6NCrl,Charles River,1,,2019-08-06 21:30:42,C57BL/6N,0.9910679937566368,10,1
398,f3821028-b230-452d-886c-84aab766ca1e,2018-08-28,IBL_18,M,2018-04-23,,C57BL/6NCrl,Charles River,1,,2019-08-06 21:30:42,C57BL/6N,0.9996116341896427,19,6
399,f3821028-b230-452d-886c-84aab766ca1e,2018-09-08,IBL_18,M,2018-04-23,,C57BL/6NCrl,Charles River,1,,2019-08-06 21:30:42,C57BL/6N,0.9440776861987067,30,6
400,f3821028-b230-452d-886c-84aab766ca1e,2018-09-19,IBL_18,M,2018-04-23,,C57BL/6NCrl,Charles River,1,,2019-08-06 21:30:42,C57BL/6N,0.9504854368932039,41,5
401,f3821028-b230-452d-886c-84aab766ca1e,2018-10-03,IBL_18,M,2018-04-23,,C57BL/6NCrl,Charles River,1,,2019-08-06 21:30:42,C57BL/6N,0.9825242718446602,55,5
402,f3821028-b230-452d-886c-84aab766ca1e,2018-08-09,IBL_18,M,2018-04-23,,C57BL/6NCrl,Charles River,1,,2019-08-06 21:30:42,C57BL/6N,1.025242718446602,0,1
403,f3821028-b230-452d-886c-84aab766ca1e,2018-08-20,IBL_18,M,2018-04-23,,C57BL/6NCrl,Charles River,1,,2019-08-06 21:30:42,C57BL/6N,1.0337864403585786,11,1
404,f3821028-b230-452d-886c-84aab766ca1e,2018-08-29,IBL_18,M,2018-04-23,,C57BL/6NCrl,Charles River,1,,2019-08-06 21:30:42,C57BL/6N,1.0124272170576076,20,6
405,f3821028-b230-452d-886c-84aab766ca1e,2018-09-09,IBL_18,M,2018-04-23,,C57BL/6NCrl,Charles River,1,,2019-08-06 21:30:42,C57BL/6N,0.9526213266317126,31,6
406,f3821028-b230-452d-886c-84aab766ca1e,2018-09-21,IBL_18,M,2018-04-23,,C57BL/6NCrl,Charles River,1,,2019-08-06 21:30:42,C57BL/6N,0.9765437153936589,43,5
407,f3821028-b230-452d-886c-84aab766ca1e,2018-08-11,IBL_18,M,2018-04-23,,C57BL/6NCrl,Charles River,1,,2019-08-06 21:30:42,C57BL/6N,1.0124272170576076,2,1
409,f3821028-b230-452d-886c-84aab766ca1e,2018-08-30,IBL_18,M,2018-04-23,,C57BL/6NCrl,Charles River,1,,2019-08-06 21:30:42,C57BL/6N,0.9910679937566368,21,6
410,f3821028-b230-452d-886c-84aab766ca1e,2018-09-10,IBL_18,M,2018-04-23,,C57BL/6NCrl,Charles River,1,,2019-08-06 21:30:42,C57BL/6N,0.948349547154695,32,6
411,f3821028-b230-452d-886c-84aab766ca1e,2018-09-23,IBL_18,M,2018-04-23,,C57BL/6NCrl,Charles River,1,,2019-08-06 21:30:42,C57BL/6N,0.9654369094996776,45,5
412,f3821028-b230-452d-886c-84aab766ca1e,2018-08-12,IBL_18,M,2018-04-23,,C57BL/6NCrl,Charles River,1,,2019-08-06 21:30:42,C57BL/6N,0.9996116341896427,3,1
413,f3821028-b230-452d-886c-84aab766ca1e,2018-08-22,IBL_18,M,2018-04-23,,C57BL/6NCrl,Charles River,1,,2019-08-06 21:30:42,C57BL/6N,1.0166989965346254,13,1
414,f3821028-b230-452d-886c-84aab766ca1e,2018-08-31,IBL_18,M,2018-04-23,,C57BL/6NCrl,Charles River,1,,2019-08-06 21:30:42,C57BL/6N,1.0124272170576076,22,6
415,f3821028-b230-452d-886c-84aab766ca1e,2018-09-11,IBL_18,M,2018-04-23,,C57BL/6NCrl,Charles River,1,,2019-08-06 21:30:42,C57BL/6N,0.9312621033307418,33,6
416,f3821028-b230-452d-886c-84aab766ca1e,2018-09-24,IBL_18,M,2018-04-23,,C57BL/6NCrl,Charles River,1,,2019-08-06 21:30:42,C57BL/6N,0.9735534371681583,46,5
417,f3821028-b230-452d-886c-84aab766ca1e,2018-08-14,IBL_18,M,2018-04-23,,C57BL/6NCrl,Charles River,1,,2019-08-06 21:30:42,C57BL/6N,0.9782524108886719,5,1
418,f3821028-b230-452d-886c-84aab766ca1e,2018-08-24,IBL_18,M,2018-04-23,,C57BL/6NCrl,Charles River,1,,2019-08-06 21:30:42,C57BL/6N,0.9996116341896427,15,1
419,f3821028-b230-452d-886c-84aab766ca1e,2018-09-01,IBL_18,M,2018-04-23,,C57BL/6NCrl,Charles River,1,,2019-08-06 21:30:42,C57BL/6N,1.0124272170576076,23,6
420,f3821028-b230-452d-886c-84aab766ca1e,2018-09-12,IBL_18,M,2018-04-23,,C57BL/6NCrl,Charles River,1,,2019-08-06 21:30:42,C57BL/6N,0.9312621033307418,34,6
421,f3821028-b230-452d-886c-84aab766ca1e,2018-09-25,IBL_18,M,2018-04-23,,C57BL/6NCrl,Charles River,1,,2019-08-06 21:30:42,C57BL/6N,0.9611650485436892,47,5
422,f3821028-b230-452d-886c-84aab766ca1e,2018-08-15,IBL_18,M,2018-04-23,,C57BL/6NCrl,Charles River,1,,2019-08-06 21:30:42,C57BL/6N,0.9568931875877009,6,1
423,f3821028-b230-452d-886c-84aab766ca1e,2018-08-25,IBL_18,M,2018-04-23,,C57BL/6NCrl,Charles River,1,,2019-08-06 21:30:42,C57BL/6N,1.0166989965346254,16,6
424,f3821028-b230-452d-886c-84aab766ca1e,2018-09-02,IBL_18,M,2018-04-23,,C57BL/6NCrl,Charles River,1,,2019-08-06 21:30:42,C57BL/6N,1.0209708574906136,24,6
425,f3821028-b230-452d-886c-84aab766ca1e,2018-09-13,IBL_18,M,2018-04-23,,C57BL/6NCrl,Charles River,1,,2019-08-06 21:30:42,C57BL/6N,0.8970873786407767,35,6
426,f3821028-b230-452d-886c-84aab766ca1e,2018-09-26,IBL_18,M,2018-04-23,,C57BL/6NCrl,Charles River,1,,2019-08-06 21:30:42,C57BL/6N,0.9099028800297709,48,5
427,f3821028-b230-452d-886c-84aab766ca1e,2018-08-16,IBL_18,M,2018-04-23,,C57BL/6NCrl,Charles River,1,,2019-08-06 21:30:42,C57BL/6N,0.9953397732336544,7,1
428,f3821028-b230-452d-886c-84aab766ca1e,2018-08-26,IBL_18,M,2018-04-23,,C57BL/6NCrl,Charles River,1,,2019-08-06 21:30:42,C57BL/6N,1.0209708574906136,17,6
429,f3821028-b230-452d-886c-84aab766ca1e,2018-09-05,IBL_18,M,2018-04-23,,C57BL/6NCrl,Charles River,1,,2019-08-06 21:30:42,C57BL/6N,1.0337864403585786,27,6
430,f3821028-b230-452d-886c-84aab766ca1e,2018-09-14,IBL_18,M,2018-04-23,,C57BL/6NCrl,Charles River,1,,2019-08-06 21:30:42,C57BL/6N,0.9269903238537242,36,6
431,f3821028-b230-452d-886c-84aab766ca1e,2018-09-27,IBL_18,M,2018-04-23,,C57BL/6NCrl,Charles River,1,,2019-08-06 21:30:42,C57BL/6N,0.9398058252427184,49,5
